,breakfast_calories,morning snacks_calories,afternoon snacks_calories,lunch_calories,dinner_calories,breakfast,morning snacks,afternoon snacks,lunch,dinner
1,200.0,120.0,180.0,100.0,300.0, Vegan Breakfast Cookies - 200 calories per portion | 2 portions | Contains gluten | Origin, Roasted Brussels Sprouts," Baked Falafel Salad - 180 kcals per portion, 4 portions, allergic warning (sesame), origin", Israeli salad," Moroccan Couscous with Roasted Vegetables - 300 calories/portion, 4 portions, contains gluten (Morocco)
"
2,320.0,100.0,150.0,20.0,350.0," Mushroom and goat cheese frittata (320 calories per portion, 2 portions, contains dairy, French origin)
", Tomato Basil Bruschetta, Veggie Chips, Moroccan Mint Tea," Chinese Vegan Kung Pao Tofu (350 calories/portion, 2 portions) - China
"
3,200.0,120.0,250.0,100.0,150.0, Vegan Breakfast Phyllo Cups, Roasted Brussels Sprouts, Greek Spinach and Feta Puffs, Israeli salad," Grilled Vegetable Skewers - 150 calories/portion, 4 portions, contains garlic (Various)
"
4,100.0,100.0,250.0,100.0,200.0, Healthy Fruit Salad, Boiled chickpeas, Mini Buffalo Chicken Wraps, Israeli salad, Mediterranean Stuffed Eggplant
5,400.0,120.0,150.0,20.0,300.0," Huevos Rancheros with black beans (400 calories per portion, 2 portions, nut-free, Mexican origin)
", Cottage Cheese with Tomato, Mixed berry salad with honey citrus dressing, Moroccan Mint Tea," Lentil Walnut Tacos - 300 calories per portion, 4 portions, Nuts, Mexico
"
6,400.0,100.0,220.0,100.0,350.0," Huevos rancheros - 400 calories per portion, 2 portions, contains gluten, origin", Corn on the Cob," Chocolate Mousse - 220 kcals per portion, 2 portions, contains dairy (France)", Israeli salad, Vegan BBQ Pulled Jackfruit Sandwich
7,400.0,100.0,180.0,100.0,200.0," Huevos divorciados (Mexican-style eggs with red and green salsa) (400 calories per portion, 2 portions, nut-free, Mexican origin)
", Baked Zucchini Chips - Approx, Fruit skewers with yogurt dip, Israeli salad," Tomato and mozzarella tart - 200 calories per portion, 4 portions, contains gluten and dairy (Italy)
"
8,320.0,100.0,90.0,100.0,300.0," Egg and cheese breakfast roll-ups (320 calories per portion, 2 portions, contains dairy, American origin)
", Roasted Almonds," Roasted Brussels Sprouts with Balsamic Glaze - 90 kcals per portion, 4 portions, no allergic warnings, origin", Israeli salad," Vegetable curry with basmati rice - 300 kcals per portion, 4 portions, vegetarian, contains gluten
"
9,450.0,120.0,120.0,20.0,300.0," Spanish tortilla de patatas (potato omelet) with aioli (450kcals per portion, 2 portions, origin", Bruschetta with Tomato and Basil, Dark Chocolate Energy Balls, Moroccan Mint Tea," Moroccan vegetable tagine with couscous - 300 kcals per portion, 4 portions, vegetarian, contains gluten
"
10,380.0,100.0,680.0,20.0,300.0," Veggie-packed breakfast skillet with sweet potatoes (380 calories per portion, 2 portions, nut-free, American origin)
", Caprese Skewers, Sweet and Sour Tofu, Moroccan Mint Tea, Mediterranean Vegetable Tart
11,250.0,110.0,80.0,100.0,250.0," Chia seed pudding with mixed berries (250kcals per portion, 2 portions)
", Moroccan-style boiled eggs, Tomato and cucumber salad, Israeli salad," Mexican Corn Salad - 250 calories/portion, 4 portions, contains cilantro (Mexico)
"
12,150.0,90.0,100.0,20.0,250.0," Vegemite on toast - 150 calories per portion, 1 portion, contains gluten, origin", Turkish-style boiled eggs, Stuffed Mushrooms, Moroccan Mint Tea," Moroccan Lentil Salad - 250 calories per portion, 4 portions, None, Morocco
"
13,350.0,80.0,150.0,20.0,300.0, Lemon Poppy Seed Pancakes, Apple with Cinnamon," Strawberry Spinach Salad - 150 kcals per portion, 3 portions, contains dairy (USA)", Moroccan Mint Tea," Greek Zucchini Fritters - 300 calories/portion, 4 portions, contains gluten and dairy (Greece)
"
14,450.0,120.0,220.0,100.0,300.0," Mexican chilaquiles - 450 calories per portion, 2 portions, may contain gluten, origin", Vegan Energy Balls, Veggie-Stuffed Pita Pockets, Israeli salad," Vegan Italian Wedding Soup - 300 calories per portion, 4 portions, Gluten, Italy
"
15,250.0,60.0,130.0,20.0,300.0, Banana and Almond Butter Toast, Fruit Salad - Approx," Veggie Sushi Rolls with Quinoa - 130 kcals per portion, 4 portions, no allergic warnings, origin", Moroccan Mint Tea," Lentil Samosas - 300 calories per portion, 4 portions, None, India
"
16,250.0,100.0,80.0,100.0,300.0, Buckwheat Porridge, Watermelon and feta skewers, Chocolate-dipped strawberries, Israeli salad, Turkish Eggplant Casserole (Imam Bayildi)
17,400.0,120.0,150.0,20.0,350.0," Chicken and vegetable stuffed crepes (400kcals per portion, 2 portions)
", Cinnamon Sugar Pretzels," Zucchini Fritters - 150 kcals per portion, 4 portions, no allergic warnings, origin", Moroccan Mint Tea," Vegetable curry with basmati rice - 350 calories per portion, 4 portions, contains nuts (India)
"
18,250.0,100.0,250.0,20.0,250.0, Vegan Breakfast Sushi Rolls, Edamame, Mini Spinach and Ricotta Calzones, Moroccan Mint Tea," Vegan Sushi Rolls (250 calories/portion, 4 portions) - Japan
"
19,500.0,100.0,180.0,100.0,320.0, Waffles with Strawberries and Whipped Cream, Cucumber and Tomato Salad, Chicken Salad Lettuce Wraps, Israeli salad," Spinach and Artichoke Dip - 320kcals per portion, 4 portions, contains dairy
"
20,250.0,80.0,240.0,100.0,300.0, Overnight Chia Pudding," Carrot Sticks with Hummus - 80kcals per portion, 2 portions
   Origin", Veggie Couscous Salad, Israeli salad," Thai Vegan Tom Kha Soup (300 calories/portion, 4 portions) - Thailand

"
21,350.0,120.0,200.0,100.0,300.0, Vegan Breakfast Polenta - 350 calories per portion | 1 portion | None | Origin, Tomato and Basil Bruschetta, Mini Vegetable Quiches, Israeli salad," Vegetarian Shepherd's Pie - 300 calories/portion, 6 portions, Origin"
22,300.0,100.0,220.0,20.0,200.0," Chia pudding with mixed berries - 300 calories per portion, 2 portions, no allergic warnings, origin", Roasted Pumpkin Seeds, Quinoa and Black Bean Salad, Moroccan Mint Tea," Roasted Vegetable Frittata - 200 calories/portion, 4 portions, Origin"
23,400.0,120.0,300.0,20.0,300.0, Veggie Sausage and Hash Browns - 400 calories per portion | 1 portion | Contains soy | Origin, Cucumber and hummus rolls, Veggie Quesadillas, Moroccan Mint Tea, Mexican Quinoa Stuffed Bell Peppers
24,100.0,100.0,160.0,100.0,250.0, Vegan Breakfast Rice Pudding, Quinoa Energy Bites, Roasted Eggplant Dip, Israeli salad," Ratatouille tart - 250 calories per portion, 6 portions, contains gluten (France)
"
25,400.0,100.0,90.0,100.0,360.0, Veggie Breakfast Pizza, Overnight Chia Pudding," Baked Eggplant Chips - 90 kcals per portion, 4 portions, gluten-free (Mediterranean)", Israeli salad," Egg Fried Rice - 360kcals per portion, 4 portions, contains egg (China)
"
26,400.0,80.0,200.0,20.0,320.0," Polish scrambled eggs with kielbasa and sauerkraut (400kcals per portion, 2 portions, pork allergies, origin", Avocado Deviled Eggs," Quinoa Salad with Roasted Vegetables - 200 kcals per portion, 4 portions, no allergic warnings, origin", Moroccan Mint Tea, Vegan Gumbo
27,350.0,120.0,220.0,20.0,250.0," Veggie breakfast burrito with black beans (350 calories per portion, 2 portions, nut-free, Mexican origin)
", Kale Chips, Baked Mini Samosas with Mint Chutney, Moroccan Mint Tea, Vegan Tacos
28,350.0,100.0,300.0,100.0,250.0," German-style potato pancakes with applesauce - 350 calories per portion, 2 portions, contains gluten, origin"," Apple Slices with Caramel Dip - 100kcals per portion, 2 portions
    Origin", Mini Veggie Pizzas, Israeli salad," Grilled Chicken Caesar Salad - 250 calories per portion, 4 portions, contains dairy (cheese), Origin"
29,250.0,100.0,180.0,100.0,350.0," Pumpkin pie smoothie (250 calories per portion, 2 portions, nut-free, American origin)
", Roasted Chickpeas, Strawberry and banana smoothie, Israeli salad, Vegan BBQ Sandwich
30,300.0,80.0,180.0,20.0,260.0, Tofu Scramble, Fruit Salad, Sweet and Spicy Roasted Almonds, Moroccan Mint Tea," Greek Style Green Beans - 260kcals per portion, 4 portions
"
31,400.0,80.0,180.0,100.0,280.0, Vegan Breakfast Tamales - 400 calories per portion | 1 portion | Contains gluten | Origin, Baked Apple Chips, Guacamole and Tortilla Chips, Israeli salad, Vegan Stuffed Shells
32,250.0,100.0,190.0,100.0,350.0, Vegan Overnight Chia Pudding - 250 calories per portion | 2 portions | None | Origin, Greek yogurt with berries, Baba Ganoush with Pita Bread, Israeli salad, Lemon Garlic Butter Shrimp
33,350.0,120.0,160.0,100.0,350.0, Quinoa Porridge with Caramelized Bananas, Fruit Salsa with Cinnamon Chips, Caramelized Onion Tartlets, Israeli salad, Moroccan Vegetable Tagine
34,400.0,100.0,150.0,100.0,300.0," Hungarian pogácsa (cheese biscuits) with tea (400kcals per portion, 2 portions, origin", Cucumber Slices with Tzatziki - Approx, Mini Meatballs, Israeli salad," Lemon Herb Grilled Shrimp - 300 calories per portion, 4 portions, contains shellfish, Origin"
35,400.0,80.0,80.0,100.0,250.0, Breakfast Tacos with Avocado Salsa, Kale Chips, Veggie Spring Rolls, Israeli salad," Borscht with sour cream – 250 calories per portion, 6 portions, contains dairy (origin"
36,300.0,120.0,140.0,20.0,350.0, Blueberry Banana Breakfast Bars, Kale Chips," Vegan Sweet Potato Wedges - 140 kcals per portion, 4 portions, no allergic warnings, origin", Moroccan Mint Tea, Vegan Butternut Squash Ravioli
37,400.0,100.0,200.0,100.0,350.0," South African boerewors sausage with tomato chutney (400kcals per portion, 2 portions, origin", Guacamole Stuffed Cherry Tomatoes, Nachos with Salsa and Cheese, Israeli salad, Vegan Stuffed Peppers
38,350.0,100.0,180.0,100.0,250.0, Quinoa Porridge - 350 calories per portion | 1 portion | Contains nuts | Origin, Cucumber Sandwiches," Chocolate Covered Pretzels - 180 kcals per portion, 4 portions, contains gluten (USA)", Israeli salad," Zucchini Noodles with Marinara - 250 calories per portion, 4 portions, None, Italy
"
39,350.0,50.0,260.0,100.0,220.0, Veggie Breakfast Wrap, Baked Apple Chips - Approx, Greek Stuffed Mushrooms, Israeli salad, Lentil Soup with Quinoa
40,500.0,100.0,200.0,20.0,200.0, Waffles with Strawberries and Whipped Cream, Overnight Chia Pudding," Quinoa Salad - 200 kcals per portion, 4 portions, gluten-free (South America)", Moroccan Mint Tea, Butternut Squash Soup
41,400.0,100.0,200.0,100.0,150.0, Sourdough Biscuits and Mushroom Gravy, Caprese Skewers, Cheese and Spinach Puffs, Israeli salad, Cauliflower Fried Rice
42,250.0,100.0,250.0,100.0,300.0, Mexican Churro Waffles, Fresh Fruit Salad," Oven-Baked Chicken Wings - 250 kcals per portion, 2 portions, gluten-free (USA)", Israeli salad, Lentil Sloppy Joes
43,350.0,100.0,280.0,100.0,350.0," Moroccan msemen (thin layered pastry) with honey - 350 calories per portion, 2 portions, contains gluten, origin", Quinoa Energy Bites, Greek Spinach and Cheese Rolls, Israeli salad, Vegan Tacos
44,350.0,120.0,200.0,20.0,350.0, Vegan Blueberry Acai Smoothie Bowl - 350 calories per portion | 1 portion | None | Origin, Date Balls, Greek Tiropita, Moroccan Mint Tea," Veggie stir-fry with tofu and brown rice - 350 kcals per portion, 4 portions, vegetarian, contains gluten, soy
"
45,550.0,100.0,150.0,20.0,300.0, Breakfast Paella, Cucumber Rolls with Hummus - Approx, Beetroot Hummus with Crackers, Moroccan Mint Tea, Vegan Gyros
46,200.0,120.0,150.0,100.0,250.0, Vegan Oatmeal Raisin Cookies - 200 calories per portion | 2 portions | Contains gluten | Origin, Cinnamon Sugar Pretzels, Baked chicken drumsticks, Israeli salad," Spinach and feta stuffed phyllo rolls - 250 calories per portion, 4 portions, contains gluten and dairy (Greece)
"
47,300.0,100.0,200.0,100.0,330.0," Indian poha cutlet - 300 calories per portion, 2 portions, contains gluten, origin", Watermelon Fruit Pizza," Vegan Baked Raspberry Oatmeal - 200 kcals per portion, 4 portions, no allergic warnings, origin", Israeli salad," Lentil and Vegetable Curry - 330kcals per portion, 4 portions, contains legumes
"
48,500.0,80.0,160.0,100.0,350.0, Breakfast Burrito, Baked Apple Chips, Carrot Zucchini Muffins, Israeli salad," Chinese Vegan Dan Dan Noodles (350 calories/portion, 2 portions) - China
"
49,350.0,120.0,160.0,100.0,350.0," Lemon poppy seed pancakes (350 calories per portion, 2 portions, nut-free, American origin)
", Melon and Prosciutto Skewers, Tomato and Mozzarella Skewers, Israeli salad, Veggie Tacos
50,450.0,80.0,150.0,100.0,300.0, Vegan Breakfast Enchiladas - 450 calories per portion | 1 portion | Contains gluten | Origin, Fruit Salad," Beet Hummus with Carrot Sticks - 150 kcals per portion, 4 portions, may contain sesame (Middle East)", Israeli salad, Lentil Soup with Bread
51,400.0,100.0,210.0,100.0,300.0," Chinese congee with chicken and ginger (400kcals per portion, 2 portions, origin"," Rice Cake with Almond Butter - 100kcals per portion, 2 portions
    Origin", Tomato and Mozzarella Bruschetta, Israeli salad, Vegan General Tso's Tofu
52,350.0,120.0,250.0,20.0,250.0," Turkish simit (sesame bread rings) with cheese - 350 calories per portion, 1 portion, contains gluten and dairy, origin", Toasted Coconut Chips, Thai Peanut Noodle Salad, Moroccan Mint Tea, Stuffed Bell Peppers
53,350.0,100.0,160.0,20.0,250.0, Vegan Breakfast Pizza - 350 calories per portion | 1 portion | Contains gluten | Origin, Fruit Salad, Greek Yogurt with Chocolate Chips, Moroccan Mint Tea," Vegan Black Bean Soup - 250 calories per portion, 3 portions, may contain gluten"
54,350.0,80.0,150.0,20.0,300.0," Vegetarian breakfast quiche with broccoli and feta (350 calories per portion, 2 portions, contains dairy, American origin)
", Cheesy Popcorn, Mini Meatballs, Moroccan Mint Tea, Vegan Sushi
55,300.0,120.0,100.0,20.0,250.0, Vegan Mango Turmeric Smoothie Bowl - 300 calories per portion | 1 portion | None | Origin, Bruschetta with Tomato and Basil, Mini bruschetta bites, Moroccan Mint Tea, Caprese Quinoa Salad
56,350.0,120.0,90.0,100.0,300.0," German-style potato pancakes with applesauce - 350 calories per portion, 2 portions, contains gluten, origin", Veggie Fritters, Chicken spring rolls, Israeli salad," Moroccan chickpea stew – 300 calories per portion, 5 portions, vegan-friendly
"
57,500.0,100.0,80.0,100.0,320.0, Turkish Breakfast Platter, Cucumber and Tomato Salad, Cheese and spinach stuffed mushrooms, Israeli salad, Mediterranean Vegan Wrap
58,350.0,100.0,100.0,20.0,300.0," Nigerian akara (bean fritters) with tomato sauce (350kcals per portion, 2 portions, origin", Frozen Grapes, Mini bruschetta bites, Moroccan Mint Tea, Quinoa Fried Rice
59,300.0,100.0,220.0,100.0,200.0, Vegan Breakfast Tacos - 300 calories per portion | 2 portions | None | Origin, Watermelon Fruit Pizza, Roasted Red Pepper and Feta Crostini, Israeli salad," Tomato and mozzarella tart - 200 calories per portion, 4 portions, contains gluten and dairy (Italy)
"
60,500.0,80.0,100.0,100.0,300.0, Vegan Breakfast Risotto, Stuffed Dates, Baked Kale Chips, Israeli salad," Ratatouille - 300 calories/portion, 4 portions, Origin"
61,500.0,120.0,100.0,20.0,300.0," Hawaiian loco moco with beef patty, rice, and egg (500kcals per portion, 2 portions, origin", Cottage Cheese with Tomato, Grilled Vegetable Skewers, Moroccan Mint Tea," Italian Vegan Minestrone Soup (300 calories/portion, 4 portions) - Italy
"
62,350.0,100.0,100.0,20.0,220.0, Banana Chia Pancakes," Rice Cake with Almond Butter - 100kcals per portion, 2 portions
    Origin", Cinnamon Sugar Apple Slices, Moroccan Mint Tea, Chickpea and Vegetable Stir Fry
63,300.0,80.0,80.0,100.0,350.0, Vegan Breakfast Burrito, Fresh Squeezed Orange Juice, Cheese and spinach stuffed mushrooms, Israeli salad," Greek Orzo Salad - 350 calories/portion, 4 portions, contains gluten (Greece)
"
64,350.0,120.0,180.0,20.0,320.0," Avocado toast with poached eggs (350kcals per portion, 2 portions, origin", Fruit Salsa with Cinnamon Chips," Vegan Banana Bread - 180 kcals per portion, 4 portions, no allergic warnings, origin", Moroccan Mint Tea," Lentil and Vegetable Soup - 320kcals per portion, 4 portions, gluten-free
"
65,250.0,100.0,120.0,20.0,300.0, Raw Vegan Breakfast Bars - 250 calories per portion | 2 portions | Contains nuts | Origin, Caprese Skewers, Vegan Chia Seed Pudding, Moroccan Mint Tea," Vegetarian Chili - 300 calories/portion, 4 portions, contains beans (Various)

"
66,400.0,100.0,200.0,20.0,250.0, Pancakes with Maple Syrup, Frozen Grapes, Greek Tiropita, Moroccan Mint Tea, Chickpea Buddha Bowl
67,400.0,80.0,240.0,100.0,350.0, Veggie Breakfast Pizza, Baked Apple Chips, Mini Chicken Samosas, Israeli salad," Lentil Coconut Curry Soup - 350 calories per portion, 4 portions, None, India

Please note that the portion sizes and calorie counts are approximate, and you may need to adjust the recipe based on your specific dietary needs and restrictions"
68,280.0,90.0,160.0,100.0,285.0," Avocado toast with smoked salmon (280 calories per portion, 2 portions, contains fish, American origin)
", Quinoa Energy Bites," Vegan Coconut Curry Rice Balls - 160 kcals per portion, 4 portions, no allergic warnings, origin", Israeli salad, Stuffed Bell Peppers
69,400.0,80.0,120.0,100.0,200.0, Nutella Banana Croissant, Fresh Watermelon Slices - Approx, No-Bake Energy Bars, Israeli salad," Greek stuffed bell peppers - 200 calories per portion, 4 portions, none (Greece)
"
70,250.0,120.0,200.0,100.0,300.0, Stuffed French Toast, Vegetable Samosas, Avocado toast, Israeli salad," Chinese Sesame Noodles (300 calories/portion, 4 portions) - China
"
71,350.0,120.0,200.0,100.0,350.0," Vegetarian breakfast quiche with broccoli and feta (350 calories per portion, 2 portions, contains dairy, American origin)
", Banana Smoothie, Quinoa Salad, Israeli salad," Stuffed mushrooms with cream cheese and spinach - 350 kcals per portion, 4 portions, vegetarian, contains lactose
"
72,250.0,120.0,110.0,100.0,350.0, Whole Wheat Veggie Breakfast Wrap, Almond Biscotti," Sweet Potato Rounds - 110 kcals per portion, 4 portions, gluten-free (USA)", Israeli salad, Mushroom and Pea Risotto
73,400.0,100.0,150.0,100.0,350.0, Veggie Breakfast Bagel Sandwich," Dates Stuffed with Almond Butter - 100kcals per portion, 2 portions
    Origin", Tomato and Mozzarella Bruschetta, Israeli salad," Stuffed bell peppers with quinoa and black beans - 350 kcals per portion, 4 portions, vegetarian, gluten-free
"
74,300.0,90.0,140.0,20.0,300.0, Vegan Breakfast Bars - 300 calories per portion | 1 portion | Contains nuts | Origin, Quinoa Energy Bites, Tomato Bruschetta, Moroccan Mint Tea," Zucchini Noodles with Pesto - 300 calories per portion, 4 portions, contains nuts (pine nuts), Origin"
75,200.0,100.0,180.0,100.0,300.0, Vegan Green Smoothie - 200 calories per portion | 2 portions | None | Origin, Fresh Fruit Salad, Guacamole with vegetable sticks, Israeli salad, Teriyaki Tofu Bowl
76,280.0,90.0,180.0,20.0,200.0," Cottage cheese and tomato on rye bread (280 calories per portion, 2 portions, contains dairy, Russian origin)
", Quinoa Energy Bites, Antipasto Skewers, Moroccan Mint Tea," Caprese Stuffed Avocado - 200 calories/portion, 4 portions, contains dairy (Italy)
"
77,300.0,100.0,120.0,100.0,300.0, Egg White Omelette with Veggies, Guacamole Stuffed Cherry Tomatoes, No-Bake Energy Bars, Israeli salad, Lentil and Vegetable Stir-Fry
78,400.0,80.0,100.0,100.0,150.0," Italian breakfast panini with prosciutto and mozzarella - 400 calories per portion, 1 portion, contains gluten and dairy, origin", Avocado Deviled Eggs, Chocolate Covered Strawberries, Israeli salad, Veggie Stir-Fry
79,450.0,100.0,150.0,100.0,300.0, Breakfast Frittata, Roasted Edamame, Caprese bruschetta, Israeli salad, Vegetable Biryani
80,250.0,50.0,220.0,100.0,300.0," Overnight oats - 250 calories per portion, 2 portions, contains gluten, origin"," Homemade Fruit Popsicles - 50kcals per portion, 2 portions
    Origin", Teriyaki Chicken Skewers, Israeli salad," Moroccan vegetable tagine with couscous - 300 kcals per portion, 4 portions, vegetarian, contains gluten
"
81,200.0,90.0,180.0,100.0,160.0, Vegan Breakfast Frittata, Vegetarian Spring Rolls, Lentil Soup, Israeli salad," Vegan Quinoa and Kale Salad - 160 calories per portion, 2 portions, may contain gluten"
82,400.0,120.0,300.0,20.0,350.0," Breakfast pizza with eggs, bacon, and cheese (400 calories per portion, 2 portions, contains dairy, American origin)
", Banana Smoothie, Baked Chicken Nuggets, Moroccan Mint Tea, Chana Masala
83,300.0,100.0,250.0,100.0,350.0," Filipino champorado (chocolate rice porridge) - 300 calories per portion, 2 portions, contains gluten, origin", Watermelon and feta skewers, Spinach and Artichoke Dip with Pita Chips, Israeli salad," Sweet potato and black bean tacos - 350 calories per portion, 4 portions, contains gluten
"
84,350.0,120.0,300.0,100.0,350.0, Acai Bowl, Roasted Chickpeas, Veggie Spring Rolls, Israeli salad," Egg Fried Rice - 350 calories per portion, 4 portions, contains gluten (soy sauce), Origin"
85,400.0,100.0,100.0,20.0,300.0, Vegetarian Quiche Lorraine, Roasted Chickpeas, Tomato Basil Bruschetta with Feta, Moroccan Mint Tea," Peanut Noodle Salad - 300 calories per portion, 4 portions, Peanuts, Various
"
86,450.0,120.0,100.0,20.0,250.0," Tunisian brik (stuffed pastry) with tuna and egg (450kcals per portion, 2 portions, origin", Beetroot Hummus, Mini bruschetta bites, Moroccan Mint Tea," Spinach and Feta Stuffed Mushrooms - 250 calories/portion, 4 portions, contains dairy (Greece)
"
87,320.0,100.0,140.0,20.0,250.0," Baked eggs with spinach and mushrooms (320 calories per portion, 2 portions, nut-free, American origin)
", Zesty Lime Popcorn - Approx," Cheese and Garlic Crackers - 140 kcals per portion, 3 portions, contains gluten, dairy (USA)", Moroccan Mint Tea, Vegan Zucchini Bread
88,250.0,80.0,120.0,20.0,200.0," Syrian ka'ak (sesame bread rings) - 250 calories per portion, 1 portion, contains gluten, origin", Apple with Cinnamon, Miso Soup with Tofu, Moroccan Mint Tea," Vegan Tomato Soup - 200 calories per portion, 4 portions, None, Various
"
89,500.0,120.0,180.0,100.0,250.0," Mexican churros with hot chocolate dipping sauce - 500 calories per portion, 2 portions, contains gluten, origin", Cucumber and dill cream cheese rolls, Mini Lemon Bars, Israeli salad," Thai Vegan Green Papaya Salad (250 calories/portion, 4 portions) - Thailand
"
90,250.0,120.0,80.0,100.0,350.0," Greek yogurt with honey and nuts - 250 calories per portion, 1 portion, may contain nuts, origin", Cottage cheese and pineapple," Veggie Spring Rolls with Peanut Sauce - 80 kcals per portion, 4 portions, allergic warning (peanuts), origin", Israeli salad," Vegetarian bibimbap - 350 calories per portion, 4 portions, contains gluten and soy (Korea)
"
91,350.0,100.0,100.0,20.0,300.0," Veggie fajita scramble with tofu (350 calories per portion, 2 portions, nut-free, Mexican origin)
", Tomato Basil Bruschetta, Basil and Tomato Skewers, Moroccan Mint Tea, Quinoa Salad
92,200.0,80.0,480.0,20.0,180.0, Quinoa Breakfast Burrito, Fresh Squeezed Orange Juice, Spinach and Mushroom Quesadillas, Moroccan Mint Tea," Greek salad - 180 calories per portion, 4 portions, contains dairy (Greece)
"
93,250.0,100.0,250.0,20.0,350.0, Whole Wheat Veggie Breakfast Wrap, Chilled Gazpacho," Cheese Puffs - 250 kcals per portion, 2 portions, contains gluten, dairy (France)", Moroccan Mint Tea, Buddha Bowl
94,350.0,120.0,150.0,20.0,300.0," Yogurt and fruit smoothie bowl (350 calories per portion, 2 portions, contains dairy, American origin)
", Roasted Brussels Sprouts, Mixed berry salad with honey citrus dressing, Moroccan Mint Tea," Quinoa-stuffed bell peppers - 300 calories per portion, 4 portions, none
"
95,250.0,80.0,150.0,100.0,150.0, Middle Eastern Shakshuka, Hard-Boiled Eggs," Cucumber and Avocado Sushi Rolls - 150 kcals per portion, 4 portions, allergic warning (avocado), origin", Israeli salad, Caprese Salad
96,400.0,100.0,250.0,20.0,300.0, Turkish Poached Eggs with Yogurt," Apple Slices with Caramel Dip - 100kcals per portion, 2 portions
    Origin", Chicken Skewers with Peanut Sauce, Moroccan Mint Tea," Spicy Black Bean Burgers - 300 calories/portion, 4 portions, Origin"
97,300.0,120.0,250.0,20.0,200.0, Vegan Cinnamon Rolls - 300 calories per portion | 1 portion | Contains gluten | Origin, Cottage Cheese with Sliced Tomato, Mini Spinach and Ricotta Calzones, Moroccan Mint Tea," Falafel with tahini sauce - 200 calories per portion, 4 portions, contains gluten (Middle East)
"
98,400.0,90.0,120.0,100.0,300.0," Shakshuka with bell peppers and tomatoes (400kcals per portion, 2 portions, origin", Rice Paper Rolls," Black Bean Salsa with Tortilla Chips - 120 kcals per portion, 4 portions, no allergic warnings, origin", Israeli salad, Black Bean and Corn Salad
99,400.0,100.0,180.0,100.0,300.0, Spinach and Feta Quiche, Rice Cake with Hummus and Cucumber, Cucumber and Avocado Sushi Rolls, Israeli salad, Ratatouille
100,250.0,100.0,120.0,20.0,300.0, Vegan Oatmeal Chocolate Chip Cookies - 250 calories per portion | 2 portions | Contains gluten | Origin, Energy Balls - Approx," Vegan Chocolate Chip Cookies - 120 kcals per portion, 4 portions, no allergic warnings, origin", Moroccan Mint Tea, Quinoa and Black Bean Salad
101,300.0,100.0,180.0,100.0,200.0, Acai Bowl, Tomato Basil Bruschetta, Homemade Veggie Pizza Rolls, Israeli salad," Eggplant and Tomato Gratin - 200 calories/portion, 2 portions, Origin"
102,350.0,70.0,180.0,20.0,320.0," Pita bread with hummus and vegetables - 350 calories per portion, 2 portions, contains gluten, origin", Kale chips, Veggie Sushi Rolls, Moroccan Mint Tea, Thai Green Curry Noodles
103,400.0,80.0,250.0,100.0,250.0," Shakshuka with bell peppers and tomatoes (400kcals per portion, 2 portions, origin", Fruit Salad, Mini Buffalo Chicken Wraps, Israeli salad, Caprese Salad
104,200.0,80.0,140.0,100.0,250.0, Spinach Tomato Feta Frittata, Mango with Chili Powder," Stuffed Dates - 140 kcals per portion, 4 portions, contains nuts (Middle East)", Israeli salad," Jackfruit Tacos - 250 calories per portion, 4 portions, None, Mexico

"
105,160.0,100.0,120.0,100.0,300.0," Cream cheese stuffed strawberries (160 calories per portion, 2 portions, contains dairy, American origin)
", Cucumber Slices with Tzatziki - Approx," Cold Cucumber Soup - 120 kcals per portion, 4 portions, gluten-free (World)", Israeli salad," Vegetarian Chili - 300 calories per portion, 6 portions, no allergic warnings, Origin"
106,400.0,120.0,100.0,100.0,300.0," Huevos rancheros - 400 calories per portion, 2 portions, contains gluten, origin", Baked Cheese Twists, Zucchini Tomato Bites, Israeli salad," Spinach and feta phyllo triangles - 300 calories per portion, 4 portions, contains gluten and dairy (Greece)
"
107,400.0,120.0,200.0,20.0,350.0," Bagel with lox and cream cheese (400 calories per portion, 2 portions, contains fish, American origin)
", Cottage Cheese with Sliced Tomato, Grilled Chicken Skewers, Moroccan Mint Tea," Mexican Vegan Chiles Rellenos (350 calories/portion, 2 portions) - Mexico
"
108,400.0,100.0,300.0,20.0,320.0, Shakshuka with Halloumi Cheese, Cucumber and Tomato Salad, Mini Spinach and Feta Pizzas, Moroccan Mint Tea, Roasted Vegetable Pasta
109,350.0,120.0,200.0,20.0,350.0, Mushroom and Spinach Breakfast Quesadilla, Bruschetta with Tomato and Basil, Baked Falafel, Moroccan Mint Tea, Falafel Wrap
110,400.0,100.0,90.0,100.0,300.0," Italian caprese frittata with tomatoes, mozzarella, and basil (400kcals per portion, 2 portions, origin", Roasted Almonds, Zucchini Pizza Bites, Israeli salad, Moroccan Vegetable Tagine
111,250.0,100.0,80.0,20.0,300.0, Banana and Almond Butter Toast, Rice Cake with Hummus and Cucumber, Fresh Fruit Salad, Moroccan Mint Tea," Lentil Samosas - 300 calories per portion, 4 portions, None, India
"
112,500.0,100.0,100.0,100.0,250.0," Malaysian nasi lemak (coconut rice with condiments) - 500 calories per portion, 2 portions, contains gluten, origin", Baked Zucchini Chips - Approx, Thai Fresh Spring Rolls, Israeli salad," Vegan Lentil and Vegetable Casserole - 250 calories per portion, 4 portions, may contain gluten"
113,350.0,100.0,200.0,20.0,350.0," Moroccan baghrir (semolina pancakes) with honey and melted butter (350kcals per portion, 2 portions, origin", Fruit Salad, Fruit Kabobs with Chocolate Sauce, Moroccan Mint Tea, Soba Noodle Stir-Fry
114,400.0,120.0,100.0,20.0,160.0, Vegan Breakfast Stuffed Sweet Potatoes - 400 calories per portion | 1 portion | None | Origin, Almond Biscotti, Cucumber and Watermelon Salad, Moroccan Mint Tea," Bruschetta - 160kcals per portion, 4 portions, contains gluten (Italy)
"
115,250.0,120.0,90.0,20.0,350.0, Overnight Chia Pudding, Raspberry Chia Seed Jam," Rice Cakes with Almond Butter - 90 kcals per portion, 4 portions, allergic warning (almonds), origin", Moroccan Mint Tea," Ratatouille Pasta Bake - 350 calories/portion, 4 portions, Origin"
116,150.0,100.0,150.0,20.0,150.0, Greek Yogurt with Berries, Vegetable Crudité with Hummus," Caponata Bruschetta - 150 kcals per portion, 4 portions, no allergic warnings, origin", Moroccan Mint Tea," Ratatouille - 150 calories/portion, 4 portions, contains garlic (France)
"
117,450.0,120.0,680.0,100.0,300.0," Mexican chilaquiles with salsa verde and cheese (450kcals per portion, 2 portions, origin", Vegetable Spring Rolls, Sweet and Sour Tofu, Israeli salad," Spicy Black Bean Burgers - 300 calories/portion, 4 portions, Origin"
118,250.0,50.0,200.0,100.0,300.0," Greek yogurt with honey and nuts - 250 calories per portion, 1 portion, may contain nuts, origin"," Homemade Fruit Popsicles - 50kcals per portion, 2 portions
    Origin", Guacamole with Tortilla Chips, Israeli salad," Vegetable Curry - 300kcals per portion, 4 portions (Various)
"
119,300.0,100.0,180.0,20.0,250.0, Chocolate Peanut Butter Overnight Oats, Guacamole Stuffed Cherry Tomatoes, Watermelon and feta salad, Moroccan Mint Tea," Mediterranean Quinoa Salad (250 calories/portion, 2 portions) - Greece
"
120,300.0,120.0,340.0,20.0,350.0, Idli and Sambar, Roasted Brussels Sprouts, Vegan Nachos, Moroccan Mint Tea," Mexican Rice and Beans - 350 calories/portion, 4 portions, Origin"
121,400.0,90.0,150.0,100.0,200.0," Cheese and beef sausage omelet (400kcals per portion, 2 portions, dairy allergies, origin", Vegetarian Spring Rolls, Quinoa salad with vegetables, Israeli salad," Spinach and feta stuffed mushrooms - 200 kcals per portion, 4 portions, vegetarian, gluten-free
"
122,300.0,120.0,150.0,20.0,350.0, Mushroom and Spinach Vegan Quiche, Oatmeal Cookie, Mini cheese and ham sliders, Moroccan Mint Tea," Caprese Pasta Salad - 350 calories/portion, 4 portions, contains gluten (Italy)
"
123,300.0,120.0,120.0,20.0,150.0, Pancakes with Maple Syrup, Cucumber Rolls, Yogurt Covered Strawberries, Moroccan Mint Tea, Chickpea Salad
124,380.0,100.0,150.0,100.0,200.0," Pancake roll-ups filled with peanut butter and bananas (380 calories per portion, 2 portions, contains nuts, American origin)
", Quinoa Energy Bites," Stuffed Mini Bell Peppers - 150 kcals per portion, 4 portions, gluten-free (Various)", Israeli salad," Vegetable Stir-Fry - 200kcals per portion, 4 portions
"
125,160.0,100.0,140.0,100.0,250.0," Scrambled eggs with spinach and feta (160 calories per portion, 2 portions, contains dairy, Greek origin)
", Chilled Gazpacho," Caprese pinwheels (tortilla with mozzarella, tomato, basil)", Israeli salad, Roasted Vegetable Salad
126,280.0,100.0,180.0,20.0,300.0," Baked eggs in tomato cups (280 calories per portion, 2 portions, nut-free, Italian origin)
", Vegetable Crudité with Hummus, Veggie Sausage Rolls, Moroccan Mint Tea," Zucchini Noodles with Pesto - 300 calories/portion, 4 portions, Origin"
127,200.0,100.0,220.0,100.0,180.0, Raspberry Coconut Breakfast Bars," Apple Slices with Caramel Dip - 100kcals per portion, 2 portions
    Origin"," Greek Yogurt Parfait - 220 kcals per portion, 2 portions, contains dairy (Greece)", Israeli salad," Moroccan Lentil Soup - 180 calories per portion, 6 portions, no allergic warnings, Origin"
128,100.0,100.0,280.0,20.0,200.0," Sliced fruit salad - 100 calories per portion, 1 portion, no allergic warnings, origin", Cucumber and Tomato Salad, Veggie Bruschetta Pizza, Moroccan Mint Tea," Lentil Soup - 200 calories/portion, 6 portions, Origin"
129,300.0,120.0,120.0,20.0,200.0, Vegan Mango Coconut Chia Pudding - 300 calories per portion | 1 portion | None | Origin, Melon and Prosciutto Skewers, Roasted Garlic and White Bean Dip with Pita Chips, Moroccan Mint Tea, Greek Salad
130,400.0,100.0,150.0,20.0,250.0," Indian dosa with coconut chutney - 400 calories per portion, 2 portions, contains gluten, origin", Fruit Smoothie Popsicles - Approx, Cauliflower Buffalo Bites, Moroccan Mint Tea, Portobello Mushroom Steaks
131,300.0,110.0,150.0,20.0,350.0, Vegan French Toast, Moroccan-style boiled eggs," Vegan Zucchini Bread - 150 kcals per portion, 4 portions, no allergic warnings, origin", Moroccan Mint Tea," Vegetarian bibimbap - 350 calories per portion, 4 portions, contains gluten and soy (Korea)
"
132,400.0,100.0,250.0,100.0,320.0," Sausage and egg muffin - 400 calories per portion, 2 portions, contains gluten, origin", Zesty Lime Popcorn - Approx, Greek Spanakopita Triangles, Israeli salad," Cauliflower fried rice with tofu – 320 calories per portion, 3 portions, vegan-friendly
"
133,350.0,80.0,100.0,20.0,350.0, Huevos Rancheros, Apple with Cinnamon, Zucchini Tomato Bites, Moroccan Mint Tea," Chickpea Salad - 350 calories/portion, 4 portions, Origin"
134,350.0,80.0,120.0,20.0,250.0," Veggie sausage and hash browns (350 calories per portion, 2 portions, contains soy, American origin)
", Stuffed Dates, Tuna Stuffed Avocado, Moroccan Mint Tea, Vegan Zucchini Bread
135,300.0,120.0,250.0,20.0,350.0, Greek Yogurt Parfait, Bruschetta with Tomato and Basil, Veggie Quesadillas, Moroccan Mint Tea, Eggplant Parmesan
136,400.0,120.0,120.0,100.0,300.0, Veggie Breakfast Pizza, Raspberry Chia Seed Jam, Roasted Garlic and White Bean Dip with Pita Chips, Israeli salad," Quinoa-stuffed mushrooms – 300 calories per portion, 4 portions, vegetarian-friendly
"
137,350.0,100.0,180.0,100.0,350.0, Greek Yogurt with Fig Compote, Toasted Coconut Chips, Lentil Salad, Israeli salad," Italian Vegan Pesto Pasta (350 calories/portion, 3 portions) - Italy
"
138,450.0,100.0,150.0,100.0,300.0," Jamaican ackee and saltfish with Johnny cakes - 450 calories per portion, 2 portions, contains gluten, origin", Vegetable Crudité with Hummus, Caprese skewers with balsamic glaze, Israeli salad," Vegetable stir-fry with tofu (300 calories per portion, 3 portions, contains soy, origin"
139,300.0,100.0,250.0,20.0,350.0, Vegan Pumpkin Muffins - 300 calories per portion | 2 portions | Contains gluten | Origin, Edamame, Mixed Berry Smoothie, Moroccan Mint Tea," Vegan chili with cornbread – 350 calories per portion, 6 portions, vegan-friendly
"
140,350.0,100.0,150.0,20.0,286.0," Finnish Karelian pasties with egg butter - 350 calories per portion, 2 portions, contains gluten and dairy, origin", Cucumber and Tomato Salad, Greek Yogurt with Fresh Berries, Moroccan Mint Tea, Quinoa and Black Bean Stuffed Peppers
141,350.0,100.0,150.0,100.0,350.0," Afghan bolani (stuffed flatbread) with yogurt sauce - 350 calories per portion, 2 portions, contains gluten and dairy, origin", Fruit Smoothie Popsicles - Approx, Mixed berry salad with honey citrus dressing, Israeli salad, Vegan Pizza
142,200.0,100.0,160.0,100.0,250.0, Vegetarian Quiche, Berry Chia Detox Water," Vegan Taco Lettuce Wraps - 160 kcals per portion, 4 portions, no allergic warnings, origin", Israeli salad, Ratatouille Stuffed Portobello Mushrooms
143,500.0,100.0,160.0,20.0,200.0," Filipino longganisa sausage with garlic rice and fried egg (500kcals per portion, 2 portions, origin"," Rice Cake with Almond Butter - 100kcals per portion, 2 portions
    Origin", Quinoa Stuffed Tomatoes, Moroccan Mint Tea," Tofu and Broccoli Stir-Fry - 200 calories/portion, 4 portions, contains soy (China)
"
144,400.0,100.0,250.0,20.0,245.0, Shakshuka with Halloumi Cheese, Rice Cake with Hummus and Cucumber, Vegetable Samosas, Moroccan Mint Tea, Tofu Stir Fry
145,200.0,100.0,190.0,100.0,300.0, Blueberry Muffins, Fruit Salad, Mini Falafel Bites, Israeli salad, Quinoa Stuffed Peppers
146,250.0,50.0,560.0,20.0,350.0, Vegan Pancake Skewers, Baked Apple Chips - Approx, Vegan Pancakes, Moroccan Mint Tea," Lentil Tacos - 350kcals per portion, 4 portions, contains legumes (Mexico)
"
147,400.0,120.0,320.0,20.0,250.0," Russian syrniki (cottage cheese pancakes) with sour cream (400kcals per portion, 2 portions, dairy allergies, origin", Cottage Cheese with Sliced Tomato, Spicy Peanut Noodles, Moroccan Mint Tea," Indian Vegan Baingan Bharta (250 calories/portion, 4 portions) - India
"
148,200.0,100.0,80.0,20.0,240.0, Vegan Breakfast Enchiladas, Som Tam (Papaya Salad), Stuffed Mushroom Caps, Moroccan Mint Tea, Spaghetti Aglio e Olio
149,400.0,80.0,70.0,20.0,210.0," Thai mango sticky rice (400kcals per portion, 2 portions, origin", Apple with Cinnamon," Cinnamon Apple Chips - 70 kcals per portion, 4 portions, gluten-free (USA)", Moroccan Mint Tea," Greek Stuffed Tomatoes - 210kcals per portion, 4 portions
"
150,350.0,100.0,70.0,100.0,350.0, Vegan Breakfast Sandwich - 350 calories per portion | 1 portion | Contains gluten | Origin, Energy Balls - Approx, Grilled shrimp skewers, Israeli salad," Lentil and vegetable stir-fry – 350 calories per portion, 3 portions, vegan-friendly
"
151,400.0,120.0,160.0,20.0,350.0, Smashed Avocado and Egg Toast, Vegan Energy Balls, Zucchini Fritters, Moroccan Mint Tea, Vegan Shakshuka
152,450.0,80.0,200.0,100.0,310.0," Persian barbari bread with feta and cucumber (450kcals per portion, 2 portions, origin", Mango with Chili Powder, Stuffed grape leaves with rice and herbs, Israeli salad, Vegan Lentil Curry
153,250.0,90.0,120.0,100.0,300.0, Vegan Breakfast Enchiladas, Turkish-style boiled eggs, Veggie Egg Muffins, Israeli salad," Lentil and vegetable shepherd's pie - 300 calories per portion, 4 portions, none
"
154,400.0,120.0,250.0,20.0,300.0," Maltese pastizzi (ricotta-filled pastries) - 400 calories per portion, 2 portions, contains gluten and dairy, origin", Cucumber and hummus rolls," Oven-Baked Chicken Wings - 250 kcals per portion, 2 portions, gluten-free (USA)", Moroccan Mint Tea," Moroccan Lentil Burgers (300 calories/portion, 4 portions) - Morocco
"
155,400.0,90.0,600.0,100.0,350.0, Smashed Avocado and Egg Toast, Stuffed Dates, Vegan Mushroom Risotto, Israeli salad, Vegan Tikka Wrap
156,400.0,100.0,160.0,20.0,200.0," Caprese breakfast sandwich with avocado (400 calories per portion, 2 portions, contains dairy, Italian origin)
", Edamame, Carrot Zucchini Muffins, Moroccan Mint Tea," Vegan Tomato Soup - 200 calories per portion, 4 portions, None, Various
"
157,250.0,120.0,160.0,100.0,350.0, Vegan Blueberry Muffin Overnight Oats - 250 calories per portion | 2 portions | Contains gluten | Origin, Almond Biscotti, Stuffed Mushrooms, Israeli salad, Mushroom Risotto Stuffed Peppers
158,400.0,100.0,200.0,20.0,350.0," Lebanese fatteh (pita chips soaked in yogurt and topped with nuts) - 400 calories per portion, 2 portions, contains gluten and dairy, origin", Edamame, Avocado Toast, Moroccan Mint Tea," Spinach and Artichoke Dip Stuffed Bread - 350 calories/portion, 4 portions, contains gluten and dairy (United States)
"
159,250.0,120.0,480.0,20.0,210.0, Greek Yogurt with Honey and Nuts, Cottage Cheese with Sliced Tomato, Spinach and Mushroom Quesadillas, Moroccan Mint Tea, Quinoa and Kale Salad
160,300.0,80.0,90.0,20.0,300.0, Apple Cinnamon French Toast Casserole, Fruit Salad, Cinnamon roasted almonds, Moroccan Mint Tea, Vegan Tofu Scramble
161,400.0,50.0,200.0,100.0,300.0, Mushroom Breakfast Burrito," Fruit Salad - 50kcals per portion, 2 portions
   Origin", Mini Chicken Teriyaki Skewers, Israeli salad, Veggie Korma
162,250.0,100.0,180.0,20.0,280.0," British eggy soldiers - 250 calories per portion, 1 portion, contains gluten, origin", Baked Zucchini Chips - Approx, Roasted Pumpkin Seeds, Moroccan Mint Tea," Chickpea Salad - 280kcals per portion, 4 portions, gluten-free (Middle East)
"
163,350.0,90.0,180.0,20.0,350.0," Egg and cheese breakfast sandwich - 350 calories per portion, 2 portions, contains gluten and dairy, origin", Rice Paper Rolls, Chocolate Peanut Butter Protein Balls, Moroccan Mint Tea," Chickpea Salad Sandwich - 350 calories per portion, 2 portions, may contain gluten"
164,350.0,120.0,200.0,20.0,350.0," English crumpets with butter and jam (350kcals per portion, 2 portions, dairy allergies, origin", Melon and Prosciutto Skewers, Mini Raspberry Tarts, Moroccan Mint Tea," Lentil bolognese with spaghetti – 350 calories per portion, 4 portions, vegan-friendly (origin"
165,220.0,120.0,150.0,100.0,350.0," Vegetable frittata - 220 calories per portion, 4 portions, no allergic warnings, origin", Almond Biscotti, Caprese Salad, Israeli salad," Mexican Rice Stuffed Peppers - 350 calories/portion, 4 portions, Origin"
166,350.0,100.0,180.0,20.0,300.0," Aloo paratha (Indian stuffed potato bread) - 350 calories per portion, 2 portions, contains gluten, origin"," Dates Stuffed with Almond Butter - 100kcals per portion, 2 portions
    Origin", Pomegranate Avocado Salad, Moroccan Mint Tea," Broccoli and Cheddar Stuffed Potatoes - 300 calories/portion, 4 portions, Origin"
167,300.0,90.0,180.0,20.0,250.0, Tomato Basil Avocado Toast, Vegetarian Spring Rolls, Shrimp Summer Rolls, Moroccan Mint Tea," Mexican Zucchini Boats - 250 calories/portion, 4 portions, contains cheese (Mexico)
"
168,300.0,100.0,140.0,100.0,300.0," Blueberry almond smoothie (300 calories per portion, 2 portions, contains nuts, American origin)
", Roasted Chickpeas," Cheese and Garlic Crackers - 140 kcals per portion, 3 portions, contains gluten, dairy (USA)", Israeli salad, Quinoa Stuffed Bell Peppers
169,500.0,100.0,200.0,100.0,330.0, Waffles with Strawberries and Whipped Cream, Roasted Edamame," Berry Smoothie Bowl - 200 kcals per portion, 2 portions, contains dairy (USA)", Israeli salad," Lentil and Vegetable Curry - 330kcals per portion, 4 portions, contains legumes
"
170,400.0,50.0,50.0,100.0,200.0, Vegan Breakfast Spanakopita," Fruit Salad - 50kcals per portion, 2 portions
   Origin", Fruit Salad, Israeli salad," Spinach and Feta Stuffed Mushrooms - 200 calories/portion, 4 portions, Origin"
171,400.0,100.0,120.0,20.0,250.0," Lebanese fatteh (pita chips soaked in yogurt and topped with nuts) - 400 calories per portion, 2 portions, contains gluten and dairy, origin", Carrot Sticks with Ranch Dip, Stuffed Dates with Almonds, Moroccan Mint Tea," Quinoa Stuffed Mushrooms - 250 calories per portion, 4 portions, no allergic warnings, Origin"
172,250.0,120.0,100.0,100.0,200.0, Tofu Scramble - 250 calories per portion | 2 portions | None | Origin, Roasted Brussels Sprouts, Cinnamon Sugar Popcorn, Israeli salad, Spicy Black Bean Soup
173,300.0,120.0,120.0,20.0,350.0, Vegan Breakfast Spring Rolls - 300 calories per portion | 1 portion | Contains soy | Origin, Cucumber Rolls, Yogurt Covered Strawberries, Moroccan Mint Tea, Veggie Noodle Stir-Fry
174,500.0,120.0,150.0,100.0,200.0," Iranian kaleh pacheh (sheep's head and hoof soup) - 500 calories per portion, 2 portions, no allergic warnings, origin", Cottage Cheese with Tomato, Veggie Chips, Israeli salad, Greek Stuffed Peppers
175,250.0,100.0,520.0,100.0,250.0, Tropical Smoothie, Frozen Grapes, Vegan Mac and Cheese, Israeli salad, Vegan Cabbage Rolls
176,260.0,100.0,250.0,100.0,300.0," Cheese and vegetable frittata (260 calories per portion, 2 portions, contains dairy, Italian origin)
", Berry Chia Detox Water, Spinach and artichoke dip with pita chips, Israeli salad," Cauliflower Tikka Masala - 300 calories per portion, 4 portions, None, India

"
177,300.0,100.0,140.0,100.0,300.0, Chia Seed Pudding Parfait, Stuffed Dates - Approx, Tomato Bruschetta, Israeli salad, Shrimp and Broccoli Stir-Fry
178,350.0,100.0,80.0,100.0,225.0, Moroccan Shakshuka, Vegetable Crudité with Hummus," Chocolate Dipped Strawberries - 80 kcals per portion, 4 portions, contains dairy (USA)", Israeli salad, Vegan Stuffed Mushrooms
179,250.0,80.0,150.0,20.0,350.0, Vegan Pancake Skewers, Cheesy Popcorn, Mini Meatballs, Moroccan Mint Tea, Vegetable Dumplings
180,200.0,120.0,120.0,20.0,280.0, Vegan Breakfast Frittata, Roasted Brussels Sprouts," Stuffed Mushrooms with Quinoa - 120 kcals per portion, 3 portions, gluten-free (Various)", Moroccan Mint Tea," Lentil Curry - 280kcals per portion, 4 portions, contains legumes (India)
"
181,400.0,100.0,180.0,20.0,250.0, Breakfast Bibimbap, Berry Chia Detox Water, Stuffed Bell Peppers with Quinoa and Black Beans, Moroccan Mint Tea, Chickpea Salad
182,350.0,120.0,200.0,20.0,250.0," Nigerian akara (bean fritters) with tomato sauce (350kcals per portion, 2 portions, origin", Tomato and Basil Bruschetta, Almond butter energy bites, Moroccan Mint Tea," Veggie Pho with Tofu - 250 calories/portion, 4 portions, Origin"
183,350.0,120.0,140.0,20.0,350.0," Yogurt and fruit smoothie bowl (350 calories per portion, 2 portions, contains dairy, American origin)
", Greek Stuffed Grape Leaves," Vegan Lemon Bars - 140 kcals per portion, 4 portions, no allergic warnings, origin", Moroccan Mint Tea," Vegetable Korma - 350 calories/portion, 4 portions, contains nuts (India)
"
184,300.0,80.0,200.0,20.0,350.0," Moroccan mint tea with almond cookies (300kcals per portion, 2 portions, nut allergies, origin", Fresh Watermelon Slices - Approx, Vegetable Couscous Salad, Moroccan Mint Tea," Veggie Pho - 350 calories/portion, 4 portions, Origin"
185,400.0,120.0,560.0,100.0,350.0, Vegetarian Breakfast Strata, Bell pepper and cream cheese roll-ups, Vegan Mediterranean Pasta Salad, Israeli salad, Baked Cod with Lemon Dijon Sauce
186,300.0,100.0,80.0,20.0,200.0, Country Style Potatoes with Veggies, Watermelon Fruit Pizza, Caprese Skewers with Balsamic Glaze, Moroccan Mint Tea," Spinach and Goat Cheese Stuffed Tomatoes - 200 calories/portion, 4 portions, Origin"
187,200.0,120.0,320.0,100.0,340.0, Spanish Tortilla, Bell pepper and cream cheese roll-ups, Spicy Peanut Noodles, Israeli salad," Spinach and Artichoke Stuffed Portobello Mushrooms - 340kcals per portion, 2 portions, contains dairy
"
188,300.0,60.0,200.0,20.0,350.0, Vegan French Toast, Fruit Salad - Approx," Apple Cinnamon Muffins - 200 kcals per portion, 3 portions, contains gluten (USA)", Moroccan Mint Tea," Mexican Rice and Beans - 350 calories per portion, 4 portions, None, Mexico
"
189,350.0,100.0,100.0,20.0,250.0," Veggie omelette with zucchini and goat cheese (350 calories per portion, 2 portions, contains dairy, French origin)
", Roasted Beetroot Chips, Spinach and feta triangles, Moroccan Mint Tea, Ratatouille
190,200.0,80.0,250.0,100.0,200.0," Vegetable omelette - 200 calories per portion, 2 portions, no allergic warnings, origin", Fruit Salad, Cheese and Spinach Triangles, Israeli salad," Lentil Spinach Salad - 200 calories per portion, 4 portions, None, Various
"
191,550.0,80.0,150.0,100.0,250.0, Belgian Liege Waffles, Avocado Deviled Eggs, Cilantro lime shrimp skewers, Israeli salad, Portobello Mushroom Steaks
192,200.0,100.0,220.0,100.0,300.0, Tomato Basil Tofu Scramble, Corn on the Cob, Cucumber and cream cheese sandwiches, Israeli salad, Beetroot Burger
193,200.0,80.0,200.0,20.0,300.0," Oatmeal with banana and almond (200kcals per portion, 2 portions, nut allergies, origin", Avocado Deviled Eggs, Greek yogurt and honey with walnuts, Moroccan Mint Tea," Black Bean Enchiladas - 300 calories/portion, 4 portions, Origin"
194,350.0,120.0,160.0,100.0,270.0, Vegan Sweet Potato Hash Browns - 350 calories per portion | 1 portion | None | Origin, Beetroot Hummus, Veggie Sausage Rolls, Israeli salad, Mexican Quinoa Bowl
195,200.0,120.0,150.0,100.0,300.0, Greek Yogurt Pancakes, Vegetable Samosas," Vegan Ratatouille - 150 kcals per portion, 4 portions, no allergic warnings, origin", Israeli salad, Quinoa Stuffed Bell Peppers with Cashew Cream
196,400.0,100.0,250.0,100.0,305.0, Breakfast Bibimbap, Chilled Gazpacho, Smoked Salmon and Cream Cheese on Rye Bread, Israeli salad, Vegan Soba Noodles
197,450.0,60.0,140.0,100.0,250.0," French croissant with ham and cheese (450kcals per portion, 1 portion, pork allergies, origin", Cucumber and tomato salad," Maple Roasted Nuts - 140 kcals per portion, 4 portions, no allergic warnings, origin", Israeli salad," Mexican Zucchini Boats - 250 calories/portion, 4 portions, contains cheese (Mexico)
"
198,400.0,120.0,180.0,100.0,350.0," Huevos rancheros - 400 calories per portion, 2 portions, contains gluten, origin", Greek yogurt with honey, Mini Margherita Skewers, Israeli salad, Roasted Vegetable Quinoa Bowls
199,300.0,100.0,150.0,100.0,301.0, Vegan Breakfast Bars - 300 calories per portion | 1 portion | Contains nuts | Origin, Stuffed Dates - Approx, Spinach and feta stuffed chicken breast, Israeli salad, Vegan Gnocchi
200,300.0,60.0,380.0,20.0,300.0, Vegan Pumpkin Spice Pancakes - 300 calories per portion | 1 portion | Contains gluten | Origin, Fruit Salad - Approx, Mini chicken pot pies, Moroccan Mint Tea, Moroccan Vegetable Tagine
201,400.0,80.0,200.0,100.0,350.0, Veggie Breakfast Pizza, Cheesy Popcorn, Chicken and vegetable lettuce wraps, Israeli salad," Vegetarian sushi rolls with avocado and cucumber – 350 calories per portion, 4 portions, vegetarian-friendly (origin"
202,450.0,100.0,250.0,100.0,320.0," Baguette with brie and prosciutto (450kcals per portion, 1 portion, pork allergies, origin", Energy Balls, Mini Cheesecakes, Israeli salad," Mushroom and black bean tacos – 320 calories per portion, 4 portions, vegetarian-friendly
"
203,450.0,100.0,140.0,20.0,180.0," Smoked salmon and cream cheese bagel - 450 calories per portion, 1 portion, contains gluten and dairy, origin", Cucumber Rolls with Hummus - Approx," Vegan Sweet Potato Wedges - 140 kcals per portion, 4 portions, no allergic warnings, origin", Moroccan Mint Tea," Greek Roasted Vegetables - 180kcals per portion, 4 portions
"
204,400.0,100.0,120.0,100.0,350.0," Nigerian plantain porridge - 400 calories per portion, 2 portions, no allergic warnings, origin", Roasted Beetroot Chips, Beetroot Hummus with Crackers, Israeli salad," Spaghetti with Marinara Sauce - 350 calories/portion, 4 portions, contains gluten (Italy)
"
205,300.0,120.0,120.0,20.0,350.0, Banana Oat Pancakes, Cucumber and hummus rolls, No-Bake Energy Bars, Moroccan Mint Tea," Vegan Lentil Coconut Curry - 350 calories per portion, 2 portions, may contain mustard"
206,450.0,120.0,180.0,100.0,250.0, Vegan Biscuits and Gravy - 450 calories per portion | 1 portion | Contains gluten | Origin, Cucumber and dill cream cheese rolls, Chicken Lettuce Wraps, Israeli salad, Stuffed Acorn Squash
207,200.0,60.0,220.0,20.0,350.0, Mexican Black Bean Breakfast Wrap, Cucumber and tomato salad, Avocado and Bacon Deviled Eggs, Moroccan Mint Tea," Eggplant Parmesan - 350 calories per portion, 4 portions, contains gluten and dairy (Italy)
"
208,250.0,80.0,150.0,100.0,350.0, Vegan Banana Bread - 250 calories per portion | 2 portions | Contains gluten | Origin, Fresh Watermelon Slices - Approx, Baked Mozzarella Sticks, Israeli salad," Three-bean chili with cornbread – 350 calories per portion, 4 portions, vegan-friendly
"
209,300.0,90.0,480.0,100.0,150.0, Mushroom and Spinach Vegan Quiche, Turkish-style boiled eggs, Spinach and Mushroom Quesadillas, Israeli salad, Veggie Stir-Fry
210,250.0,120.0,100.0,100.0,300.0, Vegan Pancakes - 250 calories per portion | 2 portions | Contains gluten | Origin, Oatmeal Cookie, Apple Chips, Israeli salad, Quinoa and Lentil Salad
211,350.0,120.0,180.0,20.0,300.0, Vegan Vegetable Frittata - 350 calories per portion | 1 portion | None | Origin, Kale Chips, Stuffed Bell Peppers, Moroccan Mint Tea, Quinoa Stuffed Bell Peppers
212,100.0,120.0,150.0,20.0,200.0, Vegan Breakfast Falafel, Cottage Cheese with Tomato," Stuffed Mini Bell Peppers - 150 kcals per portion, 4 portions, gluten-free (Various)", Moroccan Mint Tea, Quinoa Stuffed Mushrooms
213,450.0,100.0,100.0,100.0,300.0," Nigerian moi moi (steamed bean pudding) with fish (450kcals per portion, 2 portions, origin", Tomato Basil Bruschetta," Tomato Bruschetta Bites - 100 kcals per portion, 6 portions, contains gluten (Italy)", Israeli salad, Vegan Kimchi Pancakes
214,400.0,100.0,120.0,20.0,300.0, Veggie Breakfast Skillet, Energy Balls, Greek tomato and feta dip with pita chips, Moroccan Mint Tea," Ratatouille - 300 calories/portion, 4 portions, Origin"
215,200.0,80.0,180.0,100.0,240.0," Spinach and feta stuffed mushrooms - 200 calories per portion, 2 portions, contains dairy, origin", Apple with Cinnamon, Baked Falafel with Yogurt Sauce, Israeli salad, Spaghetti Aglio e Olio
216,350.0,120.0,90.0,20.0,350.0, Spinach and Goat Cheese Omelette, Vegetable Spring Rolls, Homemade Popcorn, Moroccan Mint Tea," Chinese Vegan Kung Pao Tofu (350 calories/portion, 2 portions) - China
"
217,450.0,100.0,200.0,20.0,250.0, Lemon Poppy Seed Pancakes, Fruit Smoothie Popsicles - Approx," Apple Cinnamon Muffins - 200 kcals per portion, 3 portions, contains gluten (USA)", Moroccan Mint Tea, Stuffed Portobello Mushrooms
218,380.0,120.0,180.0,100.0,300.0," Veggie-packed breakfast skillet with sweet potatoes (380 calories per portion, 2 portions, nut-free, American origin)
", Vegetable Samosas, Blueberry Muffins, Israeli salad," Spinach and Feta Stuffed Chicken Breast - 300 calories per portion, 4 portions, contains dairy (cheese), Origin"
219,300.0,100.0,200.0,100.0,250.0, Tomato Basil Avocado Toast, Roasted Pumpkin Seeds, Olive Tapenade Crostini, Israeli salad, Vegetable Stir-Fry
220,450.0,100.0,250.0,100.0,200.0, Lemon Poppy Seed Pancakes, Som Tam (Papaya Salad), Spinach and Feta Rolls, Israeli salad," Vegan Miso Soup - 200 calories per portion, 4 portions, Soy, Japan
"
221,400.0,120.0,150.0,100.0,350.0," Breakfast quesadilla with eggs and cheese (400 calories per portion, 2 portions, contains dairy, Mexican origin)
", Cucumber and dill cream cheese rolls, Mango Salsa with Tortilla Chips, Israeli salad, Mushroom Risotto Stuffed Peppers
222,300.0,110.0,150.0,20.0,200.0, Breakfast Couscous with Fresh Fruit, Moroccan-style boiled eggs, Stuffed Bell Peppers, Moroccan Mint Tea, Greek Salad
223,200.0,100.0,220.0,100.0,200.0," Greek yogurt with honey and walnuts (200 calories per portion, 2 portions, contains dairy and nuts, Greek origin)
", Som Tam (Papaya Salad), Tomato and Mozzarella Stuffed Portobello Mushrooms, Israeli salad," Vegan Miso Soup - 200 calories per portion, 4 portions, Soy, Japan
"
224,250.0,100.0,150.0,100.0,300.0," Almond butter and banana smoothie (250kcals per portion, 1 portion, nut allergies)
"," Dates Stuffed with Almond Butter - 100kcals per portion, 2 portions
    Origin", Caprese Salad, Israeli salad, Black Bean and Corn Salad
225,400.0,100.0,150.0,100.0,350.0, Veggie Breakfast Casserole, Stuffed Dates - Approx, Roasted Red Pepper Hummus with Pita Bread, Israeli salad," Ratatouille Pasta Bake - 350 calories/portion, 4 portions, Origin"
226,500.0,100.0,180.0,100.0,350.0, Turkish Gozleme, Fruit Salad, Mini Pizza Bagels, Israeli salad," Lentil and vegetable stir-fry – 350 calories per portion, 3 portions, vegan-friendly
"
227,150.0,50.0,250.0,100.0,350.0, Vegan Breakfast Pita Pockets," Homemade Fruit Popsicles - 50kcals per portion, 2 portions
    Origin", Mango Coconut Chia Pudding, Israeli salad," Vegan Sushi Bowl - 350 calories per portion, 4 portions, Soy, Japan
"
228,250.0,100.0,150.0,100.0,350.0, Smoothie Bowl, Watermelon Fruit Pizza, Cucumber and Tomato Salsa with Tortilla Chips, Israeli salad, Quinoa Stuffed Zucchini Boats
229,300.0,100.0,120.0,100.0,200.0," Scrambled eggs with spinach and feta cheese (300kcals per portion, 2 portions, dairy allergies, origin", Corn on the Cob, Spinach and Feta Pinwheels, Israeli salad," Caprese Salad - 200 calories/portion, 4 portions, contains dairy (Italy)
"
230,300.0,80.0,320.0,100.0,200.0," Filipino champorado (chocolate rice porridge) - 300 calories per portion, 2 portions, contains gluten, origin", Apple with Cinnamon, Avocado toast, Israeli salad," Caprese Skewers - 200 calories/portion, 4 portions, contains dairy (Italy)
"
231,450.0,100.0,120.0,100.0,200.0," Baguette with brie and prosciutto (450kcals per portion, 1 portion, pork allergies, origin", Greek yogurt with berries, Cheese Stuffed Jalapenos, Israeli salad, Greek Salad
232,350.0,100.0,190.0,20.0,350.0, Veggie Breakfast Wrap, Fruit Salad, Greek Spinach and Feta Pinwheels, Moroccan Mint Tea," Mexican Stuffed Sweet Potatoes - 350 calories/portion, 4 portions, contains black beans (Mexico)
"
233,400.0,120.0,150.0,100.0,350.0," Chicken and vegetable stuffed crepes (400kcals per portion, 2 portions)
", Date Balls, Baked Mozzarella Sticks, Israeli salad, Lentil Loaf
234,250.0,90.0,200.0,20.0,290.0, Banana Bread, Vegetarian Spring Rolls, Mini Apple Hand Pies, Moroccan Mint Tea, Moroccan Lentil Salad
235,300.0,90.0,220.0,20.0,300.0, Feta and Spinach Muffins, Vegetarian Spring Rolls, Beetroot Hummus with Pita Bread, Moroccan Mint Tea, Quinoa Stuffed Bell Peppers
236,150.0,100.0,160.0,100.0,300.0, Vegan Breakfast Fajitas, Fruit salad, Spinach and Feta Stuffed Mushrooms, Israeli salad, Roasted Veggie Wrap
237,250.0,120.0,80.0,100.0,300.0, Buckwheat Porridge, Cucumber and dill cream cheese rolls, Mini vegetable frittatas, Israeli salad, Mediterranean Vegetable Tart
238,250.0,90.0,180.0,100.0,350.0, Overnight Oats, Vegetarian Spring Rolls, Thai Fresh Spring Rolls, Israeli salad," Vegan Cauliflower Fried Rice - 350 calories per portion, 4 portions, None, China
"
239,200.0,100.0,150.0,20.0,350.0, Quinoa Veggie Breakfast Skillet, Boiled chickpeas, Baked Mozzarella Sticks, Moroccan Mint Tea," Lentil Curry - 350 calories/portion, 4 portions, Origin"
240,100.0,120.0,220.0,100.0,200.0, Vegan Breakfast Steamed Buns, Veggie Fritters, Greek tzatziki with pita chips, Israeli salad, Vegetable Stir-Fry
241,400.0,120.0,130.0,100.0,350.0," Breakfast tacos with egg, cheese, and salsa (400 calories per portion, 2 portions, contains dairy, Mexican origin)
", Roasted Brussels Sprouts," Baked Falafel with Tahini Sauce - 130 kcals per portion, 4 portions, allergic warning (sesame), origin", Israeli salad," Eggplant Parmesan - 350 calories per portion, 4 portions, contains gluten and dairy (Italy)
"
242,400.0,120.0,120.0,20.0,350.0," Chilean completo (hot dog with toppings) - 400 calories per portion, 1 portion, contains gluten, origin", Cottage Cheese with Sliced Tomato, Watermelon and Feta Skewers, Moroccan Mint Tea," Lentil Walnut Veggie Burger - 350 calories per portion, 4 portions, Nuts, United States
"
243,250.0,100.0,150.0,100.0,300.0, Vegan Chocolate Banana Chia Pudding - 250 calories per portion | 2 portions | None | Origin, Toasted Coconut Chips, Roasted Garlic and Tomato Crostini, Israeli salad, Eggplant Rollatini
244,250.0,120.0,120.0,20.0,305.0, Vegan Beetroot and Apple Smoothie - 250 calories per portion | 2 portions | None | Origin, Roasted Brussels Sprouts," Fruit Smoothie - 120 kcals per portion, 2 portions, gluten-free (USA)", Moroccan Mint Tea, Vegan Soba Noodles
245,200.0,90.0,140.0,20.0,300.0," Yogurt and fruit smoothie (200 calories per portion, 2 portions, contains dairy, American origin)
", Vegetarian Spring Rolls, Bacon-Wrapped Asparagus, Moroccan Mint Tea," Lentil Mushroom Meatballs - 300 calories per portion, 4 portions, None, Various
"
246,400.0,80.0,150.0,100.0,180.0, Vegan Breakfast Quesadilla - 400 calories per portion | 1 portion | Contains gluten | Origin, Mango with Chili Powder, Roasted Chickpeas, Israeli salad," Veggie Sushi Rolls - 180 calories per portion, 6 portions, Soy, Japan
"
247,200.0,120.0,180.0,20.0,370.0, Veggie Breakfast Pizza Rolls, Granola Bar," Quinoa Stuffed Bell Peppers - 180 kcals per portion, 4 portions, no allergic warnings, origin", Moroccan Mint Tea," Quinoa-Stuffed Butternut Squash - 370kcals per portion, 4 portions
"
248,160.0,100.0,200.0,20.0,300.0," Cream cheese stuffed strawberries (160 calories per portion, 2 portions, contains dairy, American origin)
", Vegetable Crudité with Hummus, Mini Raspberry Tarts, Moroccan Mint Tea, Quinoa and Black Bean Salad
249,300.0,80.0,180.0,100.0,350.0, Vegan Blueberry Muffins, Fresh Squeezed Orange Juice," Bruschetta - 180 kcals per portion, 4 portions, contains gluten (Italy)", Israeli salad, Chana Masala
250,300.0,80.0,100.0,20.0,320.0, Vegan Chocolate Protein Shake - 300 calories per portion | 1 portion | None | Origin, Fresh Squeezed Orange Juice, Greek yogurt with mixed berries, Moroccan Mint Tea," Spinach and Mushroom Quesadillas - 320kcals per portion, 4 portions, contains dairy (Mexico)
"
251,300.0,100.0,90.0,20.0,200.0," Yogurt parfait with granola and fruit - 300 calories per portion, 1 portion, may contain gluten, origin", Baked Apple Chips, Feta and spinach stuffed mushrooms, Moroccan Mint Tea," Caprese Salad - 200 calories per portion, 4 portions, contains dairy (cheese), Origin"
252,350.0,80.0,150.0,100.0,300.0," Apple cinnamon overnight French toast (350 calories per portion, 2 portions, nut-free, American origin)
", Cheesy Popcorn, Bacon Wrapped Dates, Israeli salad," Caprese Quinoa Bowls - 300 calories/portion, 4 portions, Origin"
253,500.0,100.0,200.0,100.0,340.0," Malaysian nasi lemak (coconut rice with condiments) - 500 calories per portion, 2 portions, contains gluten, origin", Quinoa Energy Bites," Vegan Strawberry Banana Smoothie - 200 kcals per portion, 4 portions, no allergic warnings, origin", Israeli salad," Quinoa-Stuffed Mushrooms with Spinach and Feta - 340kcals per portion, 4 portions, contains dairy

Please note that the portion sizes and calorie counts are approximate and can vary based on specific ingredients and preparation methods"
254,250.0,100.0,180.0,100.0,250.0, Ragi (Finger Millet) Pancakes, Frozen Grapes, Crispy Tofu Bites, Israeli salad," Falafel - 250 calories per portion, 4 portions, Gluten, Middle East

"
255,350.0,120.0,200.0,20.0,200.0, Spinach and Goat Cheese Omelette, Cucumber and dill cream cheese rolls, Smashed Avocado Toast, Moroccan Mint Tea," Chinese Vegan Hot and Sour Soup (200 calories/portion, 4 portions) - China

"
256,400.0,100.0,200.0,100.0,320.0," Indian idli with coconut chutney and sambar (400kcals per portion, 2 portions, origin", Cucumber and Hummus Rolls, Mini chicken empanadas, Israeli salad, Roasted Vegetable Pasta
257,300.0,80.0,150.0,20.0,350.0, Vegan Peanut Butter Banana Smoothie - 300 calories per portion | 1 portion | Contains nuts | Origin, Fresh Watermelon Slices - Approx, Vegan Banana Bread, Moroccan Mint Tea," Vegetarian sushi rolls with avocado and cucumber – 350 calories per portion, 4 portions, vegetarian-friendly (origin"
258,300.0,100.0,80.0,20.0,250.0, Blueberry Coconut Overnight Oats, Baked Zucchini Chips - Approx, Asian Cucumber Salad, Moroccan Mint Tea, Quinoa Veggie Stir-Fry
259,250.0,120.0,80.0,100.0,320.0," Overnight oats with berries and almond milk (250 calories per portion, 2 portions, nut-free, American origin)
", Vegetable Samosas," Edamame Beans - 80 kcals per portion, 4 portions, no allergic warnings, origin", Israeli salad," Mushroom and black bean tacos – 320 calories per portion, 4 portions, vegetarian-friendly
"
260,400.0,100.0,90.0,20.0,350.0," South Indian idli with sambar - 400 calories per portion, 2 portions, contains gluten, origin", Guacamole Stuffed Cherry Tomatoes, Mini Quiche, Moroccan Mint Tea, Vegan Goulash
261,350.0,100.0,180.0,100.0,180.0, Sweet Potato and Spinach Breakfast Hash, Cucumber and Hummus Rolls, Bacon-Wrapped Dates, Israeli salad," Caprese Skewers - 180kcals per portion, 4 portions, contains dairy (Italy)
"
262,400.0,120.0,620.0,20.0,210.0," Huevos Rancheros with refried beans and salsa (400kcals per portion, 2 portions, origin", Yogurt with Berries - Approx, Bean Burritos, Moroccan Mint Tea, Quinoa Stuffed Portobello Mushrooms
263,300.0,100.0,100.0,100.0,340.0, Fruit Smoothie Bowl, Vegetable Crudité with Hummus, Baked Buffalo Cauliflower Bites, Israeli salad," Spinach and Mushroom Quiche - 340kcals per portion, 4 portions, contains dairy
"
264,200.0,120.0,300.0,100.0,300.0, Quinoa Veggie Breakfast Skillet, Melon and Prosciutto Skewers, Veggie Nachos, Israeli salad," Zucchini noodles with tomato sauce and Parmesan – 300 calories per portion, 4 portions, vegetarian-friendly
"
265,350.0,100.0,180.0,20.0,350.0, Coconut Chia Pudding, Chilled Gazpacho Soup - Approx, Pita Bread with Hummus, Moroccan Mint Tea, Vegan Tikka Wrap
266,200.0,100.0,250.0,20.0,350.0, Vegan Breakfast Enchiladas, Rice Cake with Hummus and Cucumber, Mini whole wheat pita pizza, Moroccan Mint Tea," Vegetable Tikka Masala - 350 calories/portion, 4 portions, contains dairy (India)
"
267,100.0,100.0,250.0,100.0,350.0, Vegan Breakfast Steamed Buns, Fruit Salad, Chicken and vegetable lettuce wraps, Israeli salad," Veggie enchiladas - 350 calories per portion, 4 portions, contains gluten (Mexico)
"
268,320.0,100.0,80.0,100.0,350.0," Caramelized onion and goat cheese tart (320 calories per portion, 2 portions, contains dairy, French origin)
"," Raspberry Yogurt Popsicles - 100kcals per portion, 2 portions
    Origin"," Baked Zucchini Chips - 80 kcals per portion, 3 portions, contains dairy (Italy)", Israeli salad, Stuffed Bell Peppers with Rice and Beans
269,400.0,50.0,300.0,100.0,330.0," Brazilian tapioca pancake filled with cheese - 400 calories per portion, 2 portions, contains gluten and dairy, origin"," Fruit Salad - 50kcals per portion, 2 portions
   Origin", Nachos with Salsa and Cheese, Israeli salad," Lentil Burgers - 330kcals per portion, 4 portions, contains legumes
"
270,300.0,80.0,200.0,100.0,280.0, Vegan Smoothie Bowl, Fresh Watermelon Slices - Approx, Greek salad, Israeli salad, Lentil and Spinach Curry
271,300.0,120.0,120.0,100.0,350.0," Turkish-style scrambled eggs with tomatoes (300 calories per portion, 2 portions, contains eggs, Turkish origin)
", Greek yogurt with honey," Chia Pudding with Fresh Berries - 120 kcals per portion, 4 portions, no allergic warnings, origin", Israeli salad," Veggie Enchiladas - 350 calories/portion, 4 portions, contains gluten (Mexico)

"
272,320.0,120.0,200.0,100.0,250.0," Apple cinnamon quinoa pancakes (320 calories per portion, 2 portions, nut-free, American origin)
", Bell pepper and cream cheese roll-ups," Vegan Broccoli Pesto Pasta - 200 kcals per portion, 4 portions, no allergic warnings, origin", Israeli salad," Moroccan Chickpea Pancakes (250 calories/portion, 4 portions) - Morocco
"
273,350.0,90.0,100.0,20.0,300.0," Greek spanakopita (spinach pie) with phyllo dough (350kcals per portion, 2 portions, origin", Vegetarian Spring Rolls," Crispy Baked Tofu Bites - 100 kcals per portion, 4 portions, no allergic warnings, origin", Moroccan Mint Tea," Spinach and feta phyllo triangles - 300 calories per portion, 4 portions, contains gluten and dairy (Greece)
"
274,250.0,100.0,100.0,20.0,350.0, Quinoa Porridge, Caprese Skewers," Baked Tofu Nuggets - 100 kcals per portion, 4 portions, no allergic warnings, origin", Moroccan Mint Tea," Mushroom and goat cheese flatbread - 350 calories per portion, 4 portions, contains gluten and dairy
"
275,350.0,80.0,100.0,100.0,200.0, Vegan Breakfast Burrito," Carrot Sticks with Hummus - 80kcals per portion, 2 portions
   Origin", Stuffed Dates with Almond Butter, Israeli salad," Tomato and mozzarella tart - 200 calories per portion, 4 portions, contains gluten and dairy (Italy)
"
276,400.0,90.0,100.0,20.0,350.0," Brazilian tapioca pancake filled with cheese - 400 calories per portion, 2 portions, contains gluten and dairy, origin", Stuffed Dates," Homemade Hummus with Carrot Sticks - 100 kcals per portion, 4 portions, no allergic warnings, origin", Moroccan Mint Tea," Quinoa Stuffed Bell Peppers - 350 calories/portion, 4 portions, Origin"
277,400.0,120.0,200.0,100.0,300.0, Veggie Breakfast Pizza, Sautéed Brussels Sprouts, Greek yogurt and honey with walnuts, Israeli salad," Mexican Quinoa Bowl - 300 calories/portion, 4 portions, contains cilantro (Mexico)
"
278,250.0,100.0,200.0,100.0,250.0, Vegan Tofu Benedict, Watermelon Fruit Pizza, Mini Quiches, Israeli salad," Stuffed Portobello Mushrooms - 250 calories per portion, 4 portions, None, Various
"
279,320.0,120.0,400.0,20.0,250.0," Zucchini and goat cheese frittata (320 calories per portion, 2 portions, contains dairy, Italian origin)
", Cottage Cheese with Tomato, Vegan Japanese Mochi, Moroccan Mint Tea, Stuffed Acorn Squash
280,400.0,50.0,200.0,20.0,300.0," Japanese tamagoyaki (rolled omelet) with soy sauce (400kcals per portion, 2 portions, soy allergies, origin", Baked Apple Chips - Approx, Olive Tapenade Crostini, Moroccan Mint Tea," Vegetable stir-fry with tofu (300 calories per portion, 3 portions, contains soy, origin"
281,350.0,100.0,180.0,20.0,350.0, Vegan Breakfast Grits - 350 calories per portion | 1 portion | None | Origin, Caprese Skewers, Crispy Tofu Bites, Moroccan Mint Tea, Mushroom Tacos
282,300.0,100.0,200.0,20.0,300.0, Overnight Apple Pie Chia Pudding," Mediterranean Style Feta Stuffed Dates - 100kcals per portion, 2 portions
    Origin", Black Bean Quesadillas, Moroccan Mint Tea," Greek Stuffed Eggplant - 300 calories/portion, 4 portions, contains gluten and dairy (Greece)
"
283,450.0,80.0,200.0,100.0,300.0, Dutch Baby Pancake, Fruit Salad, Apple Cinnamon Muffins, Israeli salad," Tuscan white bean and vegetable soup (300 calories per portion, 4 portions, vegan-friendly, origin"
284,350.0,100.0,160.0,20.0,350.0," Moroccan msemen (thin layered pastry) with honey - 350 calories per portion, 2 portions, contains gluten, origin", Guacamole Stuffed Cherry Tomatoes, Vegan Spinach and Mushroom Puff Pastry, Moroccan Mint Tea, Quinoa and Black Bean Burgers
285,400.0,100.0,200.0,100.0,300.0," Chicken sausage and vegetable stir-fry (400kcals per portion, 2 portions, origin", Roasted Beetroot Chips, Roasted Vegetable and Hummus Wraps, Israeli salad, Caprese Stuffed Portobello Mushrooms
286,200.0,90.0,280.0,100.0,234.0, Veggie Breakfast Pizza Rolls, Vegetarian Spring Rolls, Sweet Potato and Black Bean Quesadillas, Israeli salad, Vegan Stuffed Cabbage Rolls
287,250.0,120.0,180.0,100.0,200.0, Vegan Breakfast Oats and Berries, Beetroot Hummus, Fruit skewers with yogurt dip, Israeli salad," Lentil curry - 200 calories per portion, 6 portions, contains gluten (India)
"
288,450.0,70.0,180.0,20.0,250.0," Persian barbari bread with feta and cucumber (450kcals per portion, 2 portions, origin", Kale chips, Caprese Bruschetta, Moroccan Mint Tea," Vegetable Curry Puffs - 250 calories/portion, 4 portions, contains gluten (Various)
"
289,400.0,60.0,200.0,20.0,300.0, Vegan Breakfast Nachos - 400 calories per portion | 1 portion | Contains soy | Origin, Fruit Salad - Approx, Chicken and Vegetable Spring Rolls, Moroccan Mint Tea, Lentil and Vegetable Curry
290,300.0,100.0,440.0,20.0,220.0," Rice porridge with cinnamon and sugar - 300 calories per portion, 2 portions, no allergic warnings, origin", Cucumber Sandwiches, Vegan Chili, Moroccan Mint Tea, Grilled Vegetable Skewers
291,250.0,90.0,180.0,20.0,300.0," Pumpkin pie smoothie (250 calories per portion, 2 portions, nut-free, American origin)
", Vegetarian Spring Rolls, Oatmeal Raisin Cookies, Moroccan Mint Tea," Tuscan white bean and vegetable soup (300 calories per portion, 4 portions, vegan-friendly, origin"
292,300.0,120.0,100.0,20.0,300.0, Quinoa Breakfast Bowl, Cinnamon Sugar Pretzels, Watermelon Salad, Moroccan Mint Tea," Quinoa and black bean stuffed peppers - 300 calories per portion, 4 portions, none
"
293,400.0,120.0,160.0,20.0,320.0," Brazilian tapioca crepes with coconut and condensed milk (400kcals per portion, 2 portions, dairy allergies, origin", Roasted Chickpeas," Vegan Broccoli and Cheese Bites - 160 kcals per portion, 4 portions, no allergic warnings, origin", Moroccan Mint Tea, Thai Green Curry Noodles
294,350.0,80.0,130.0,100.0,280.0, Chocolate Banana Smoothie Bowl, Fruit Salad, Mini Vegetable Quesadillas, Israeli salad," Greek Zucchini Fritters - 280kcals per portion, 4 portions
"
295,250.0,100.0,200.0,100.0,300.0, Cheesy Spinach Pita Pocket," Mediterranean Style Feta Stuffed Dates - 100kcals per portion, 2 portions
    Origin", Quinoa Salad, Israeli salad, Quinoa Stuffed Bell Peppers with Cashew Cream
296,250.0,50.0,280.0,20.0,300.0, Overnight Oats, Baked Apple Chips - Approx, Greek Spinach and Cheese Rolls, Moroccan Mint Tea, Greek Spanakopita Triangles
297,400.0,80.0,180.0,20.0,280.0, Vegan Spinach and Mushroom Breakfast Wrap - 400 calories per portion | 1 portion | None | Origin, Hard-Boiled Eggs, Chicken Salad Lettuce Wraps, Moroccan Mint Tea," Lentil Curry - 280kcals per portion, 4 portions, contains legumes (India)
"
298,250.0,100.0,380.0,100.0,180.0, Vegan Breakfast Enchiladas, Caprese Skewers, Mini chicken and vegetable pot pies, Israeli salad, Vegan Ratatouille
299,400.0,80.0,350.0,100.0,350.0, Spinach and Feta Quiche, Cheesy Popcorn, Quinoa salad, Israeli salad, Vegan Eggplant Parmesan
300,400.0,120.0,200.0,20.0,350.0," Hungarian pogácsa (cheese biscuits) with tea (400kcals per portion, 2 portions, origin", Cottage Cheese with Tomato, Mini mushroom and cheese tartlets, Moroccan Mint Tea, Baked Lemon Herb Chicken
301,500.0,120.0,120.0,20.0,200.0, Cheddar and Herb Quiche, Greek Stuffed Grape Leaves, Greek Yogurt Fruit Dip, Moroccan Mint Tea," Greek stuffed bell peppers - 200 calories per portion, 4 portions, none (Greece)
"
302,300.0,100.0,240.0,100.0,350.0," Poha (Indian flattened rice dish) - 300 calories per portion, 2 portions, no allergic warnings, origin", Stuffed Dates - Approx, Thai Vegetable Spring Rolls, Israeli salad, Vegan Nachos
303,300.0,90.0,480.0,20.0,180.0," Egyptian foul medames (fava bean stew) - 300 calories per portion, 2 portions, no allergic warnings, origin", Fruit Salad, Spinach and Mushroom Quesadillas, Moroccan Mint Tea," Caprese stuffed portobello mushrooms - 180 calories per portion, 4 portions, contains dairy (Italy)
"
304,250.0,100.0,180.0,20.0,250.0, Vegan Breakfast Sausage," Dates Stuffed with Almond Butter - 100kcals per portion, 2 portions
    Origin"," Tapioca Pudding - 180 kcals per portion, 3 portions, contains dairy (World)", Moroccan Mint Tea," Falafel salad with tahini dressing - 250 calories per portion, 4 portions, contains gluten (Middle East)

Please note that these calorie estimates are approximate and can vary based on specific ingredients and portion sizes used"
305,350.0,100.0,280.0,100.0,350.0," Avocado toast with poached eggs (350kcals per portion, 2 portions, origin", Chilled Gazpacho, Mini Margherita Pizzas, Israeli salad," Mexican Quinoa Salad - 350 calories/portion, 4 portions, contains cilantro (Mexico)
"
306,400.0,110.0,140.0,100.0,250.0, Mediterranean Breakfast Wraps, Moroccan-style boiled eggs, Mozzarella sticks served with marinara sauce, Israeli salad, Spinach and Feta Stuffed Mushrooms
307,300.0,100.0,200.0,100.0,250.0," Singaporean kaya toast - 300 calories per portion, 2 portions, contains gluten and dairy, origin", Kiwi and Strawberry Smoothie, Mini Crab Cakes, Israeli salad," Indian Vegan Masoor Dal (250 calories/portion, 4 portions) - India
"
308,400.0,120.0,160.0,100.0,180.0, Sourdough Biscuits and Mushroom Gravy, Sautéed Brussels Sprouts, Veggie Sausage Rolls, Israeli salad, Ratatouille
309,400.0,70.0,160.0,20.0,350.0, Vegan Breakfast Quiche - 400 calories per portion | 1 portion | Contains gluten | Origin, Fresh Fruit Salad, Chocolate Dipped Pretzels, Moroccan Mint Tea," Chickpea Salad - 350 calories/portion, 4 portions, Origin"
310,250.0,120.0,200.0,20.0,350.0, Blueberry Oatmeal Breakfast Bars, Baked Cheese Twists, Cheese and Tomato Toasties, Moroccan Mint Tea," Vegetarian fajitas with peppers and onions – 350 calories per portion, 4 portions, vegan-friendly (origin"
311,400.0,100.0,120.0,100.0,300.0, Vegan Breakfast Stuffed Sweet Potatoes - 400 calories per portion | 1 portion | None | Origin, Som Tam (Papaya Salad), Vegan Mediterranean Hummus Bowl, Israeli salad," Vegetable Stir-Fry with Peanut Sauce - 300 calories per portion, 4 portions, Peanuts, Various

"
312,380.0,100.0,250.0,20.0,350.0," Sweet potato and black bean breakfast skillet (380 calories per portion, 2 portions, nut-free, Mexican origin)
", Fruit Salad, Mixed Berry Smoothie, Moroccan Mint Tea," Veggie Enchiladas - 350 calories/portion, 4 portions, contains gluten (Mexico)

"
313,500.0,120.0,90.0,100.0,350.0," Vietnamese pho noodle soup with beef (500kcals per portion, 2 portions, origin", Beetroot Hummus," Cucumber Sandwiches - 90 kcals per portion, 4 portions, contains gluten, dairy (USA)", Israeli salad, Greek Spinach Pie (Spanakopita)
314,150.0,100.0,160.0,100.0,300.0, Vegan Pancakes, Rice Paper Spring Rolls," Vegan Samosas - 160 kcals per portion, 4 portions, no allergic warnings, origin", Israeli salad," Thai Vegan Tom Kha Soup (300 calories/portion, 4 portions) - Thailand

"
315,400.0,100.0,380.0,100.0,300.0," Warm quinoa breakfast bowl with caramelized bananas and almonds (400 calories per portion, 2 portions, contains nuts, American origin)
Please note that the above recipes are suggestions and the nutritional information provided is approximate", Rice Paper Spring Rolls, Mini chicken and vegetable pot pies, Israeli salad, Cauliflower Tikka Masala
316,150.0,100.0,80.0,100.0,170.0, Vegan Breakfast Fruit Pizza, Caprese Skewers, Roasted Cauliflower Bites, Israeli salad, Vegan Caprese Salad
317,350.0,120.0,300.0,100.0,250.0," Turkish borek (savory pastry) filled with cheese - 350 calories per portion, 2 portions, contains gluten and dairy, origin", Carrot Sticks with Hummus, Cheese and fruit platter, Israeli salad," Veggie Noodle Stir Fry - 250 calories/portion, 4 portions, Origin"
318,400.0,120.0,250.0,20.0,350.0, Vegan Breakfast Fried Rice, Toasted Coconut Chips, Stuffed Bell Peppers with Quinoa, Moroccan Mint Tea, Vegan Shepherd's Pie
319,350.0,100.0,90.0,20.0,300.0, Vegan Breakfast Sandwich - 350 calories per portion | 1 portion | Contains gluten | Origin, Berry Chia Detox Water, Ants on a log (celery with cream cheese and raisins), Moroccan Mint Tea," Spicy Black Bean Burgers - 300 calories/portion, 4 portions, Origin"
320,250.0,120.0,150.0,100.0,200.0, Middle Eastern Shakshuka, Hummus with Veggies," Vegan Chocolate Avocado Mousse - 150 kcals per portion, 4 portions, allergic warning (avocado), origin", Israeli salad," Indian Vegetable Samosas - 200 calories/portion, 4 portions, contains gluten (India)
"
321,200.0,120.0,300.0,20.0,350.0, Zucchini Bread, Greek Stuffed Grape Leaves, Vegetable Fajitas, Moroccan Mint Tea," Quinoa Stuffed Zucchini - 350 calories per portion, 4 portions, None, Various
"
322,300.0,120.0,180.0,20.0,250.0, Chocolate Chia Protein Pudding, Cinnamon Sugar Pretzels," Baked Falafel Salad - 180 kcals per portion, 4 portions, allergic warning (sesame), origin", Moroccan Mint Tea," Vegan Black Bean Soup - 250 calories per portion, 3 portions, may contain gluten"
323,350.0,80.0,150.0,100.0,250.0, Broccoli and Cheese Frittata, Fruit Salad, Edamame Salad, Israeli salad, Vegan Swedish Meatballs
324,250.0,100.0,220.0,20.0,300.0," Greek yogurt with honey and nuts - 250 calories per portion, 1 portion, may contain nuts, origin", Caprese Skewers, Strawberry Banana Smoothie, Moroccan Mint Tea," Peanut Noodle Salad - 300 calories per portion, 4 portions, Peanuts, Various
"
325,250.0,100.0,90.0,20.0,300.0, Mozzarella and Tomato Bruschetta, Caprese Skewers," Baked Apple Chips - 90 kcals per portion, 4 portions, gluten-free (USA)", Moroccan Mint Tea, Quinoa and Lentil Salad
326,250.0,100.0,220.0,100.0,150.0, Tofu Scramble - 250 calories per portion | 2 portions | None | Origin, Overnight Chia Pudding," Chocolate Mousse - 220 kcals per portion, 2 portions, contains dairy (France)", Israeli salad, Swiss Chard and Lentil Soup
327,350.0,100.0,210.0,20.0,350.0," French toast with maple syrup - 350 calories per portion, 2 portions, contains gluten and dairy, origin", Quinoa Energy Bites, Veggie Pizza Bagels, Moroccan Mint Tea," Baked salmon with roasted vegetables – 350 calories per portion, 4 portions, contains fish
"
328,50.0,100.0,160.0,100.0,350.0, Vegan Breakfast Energy Balls, Cucumber and Hummus Rolls, Baked Sweet Potato Fries, Israeli salad," Caprese Tortellini Skewers - 350 calories/portion, 4 portions, contains gluten and dairy (Italy)
"
329,350.0,100.0,180.0,20.0,250.0, Vegan Bagel with Tofu Cream Cheese - 350 calories per portion | 1 portion | Contains gluten | Origin, Cucumber and Tomato Salad, Stuffed Jalapeno Poppers, Moroccan Mint Tea," Vegan Soba Noodle Salad - 250 calories per portion, 4 portions, None, Japan
"
330,200.0,80.0,120.0,100.0,350.0, Vegan Oatmeal Raisin Cookies - 200 calories per portion | 2 portions | Contains gluten | Origin, Fruit Salad, Greek tomato and feta dip with pita chips, Israeli salad, Spaghetti Aglio e Olio (Garlic and Oil Pasta)
331,350.0,100.0,230.0,100.0,300.0, Quinoa Porridge - 350 calories per portion | 1 portion | Contains nuts | Origin, Cucumber and Tomato Salad," Matzah Ball Soup - 230 kcals per portion, 3 portions, contains gluten (Jewish)", Israeli salad," Greek Vegan Tzatziki with Pita Bread (300 calories/portion, 2 portions) - Greece
"
332,200.0,120.0,180.0,20.0,320.0, Papaya Boat with Lime, Toasted Coconut Chips," Pineapple Salsa with Tortilla Chips - 180 kcals per portion, 3 portions, contains gluten (Various)", Moroccan Mint Tea," Mushroom and black bean tacos – 320 calories per portion, 4 portions, vegetarian-friendly
"
333,100.0,100.0,100.0,20.0,350.0, Vegan Breakfast Falafel, Cucumber Sandwich, Spinach and feta triangles, Moroccan Mint Tea," Mexican Quinoa Stuffed Zucchini - 350 calories/portion, 4 portions, contains gluten (Mexico)
"
334,380.0,100.0,720.0,20.0,100.0," Pancake roll-ups filled with peanut butter and bananas (380 calories per portion, 2 portions, contains nuts, American origin)
", Som Tam (Papaya Salad), Vegetable Samosas, Moroccan Mint Tea," Japanese Miso Soup with Tofu (100 calories/portion, 4 portions) - Japan
"
335,200.0,80.0,150.0,100.0,350.0, Banana Pancakes, Stuffed Dates, Quinoa salad with vegetables, Israeli salad," Sweet potato and black bean enchiladas – 350 calories per portion, 4 portions, vegetarian-friendly (origin"
336,250.0,120.0,250.0,20.0,350.0," Syrian ka'ak (sesame bread rings) - 250 calories per portion, 1 portion, contains gluten, origin", Hummus with Veggies, Falafel with Tahini Sauce, Moroccan Mint Tea," Quinoa and Black Bean Burritos - 350 calories/portion, 4 portions, Origin"
337,350.0,100.0,90.0,20.0,200.0, Vegan Breakfast Tacos, Som Tam (Papaya Salad)," Baked Eggplant Chips - 90 kcals per portion, 4 portions, gluten-free (Mediterranean)", Moroccan Mint Tea," Falafel with tahini sauce - 200 calories per portion, 4 portions, contains gluten (Middle East)
"
338,400.0,100.0,180.0,20.0,350.0, Vegan Breakfast Stuffed Mushrooms - 400 calories per portion | 1 portion | None | Origin, Fruit Salad, Smashed avocado and tomato toast, Moroccan Mint Tea, Eggplant Parmesan Roll-Ups
339,250.0,100.0,130.0,20.0,350.0, Middle Eastern Shakshuka, Vegetable Crudité with Hummus, Mini Vegetable Quesadillas, Moroccan Mint Tea," Veggie stir-fried rice - 350 calories per portion, 4 portions, contains soy (China)
"
340,320.0,100.0,160.0,100.0,300.0," Mushroom and goat cheese frittata (320 calories per portion, 2 portions, contains dairy, French origin)
", Greek yogurt with berries, Vegan Mexican Street Corn, Israeli salad, Quinoa Stuffed Peppers
341,300.0,80.0,150.0,100.0,300.0, Cheesy Grits, Fruit Salad," Vegan Zucchini Bread - 150 kcals per portion, 4 portions, no allergic warnings, origin", Israeli salad, Indonesian Gado Gado Salad
342,320.0,100.0,180.0,100.0,350.0," Ricotta and berry-stuffed crepes (320 calories per portion, 2 portions, contains dairy, French origin)
", Fresh Fruit Salad, Beetroot and Feta Cheese Salad, Israeli salad," Chinese Mapo Tofu (350 calories/portion, 2 portions) - China
"
343,300.0,80.0,120.0,100.0,300.0, Chia Seed Pancakes, Mango with Chili Powder," Vegan Pumpkin Spice Energy Balls - 120 kcals per portion, 4 portions, no allergic warnings, origin", Israeli salad," Mexican Street Corn - 300 calories per portion, 4 portions, contains dairy (cheese), Origin"
344,250.0,100.0,90.0,100.0,220.0, Vegan Green Breakfast Bowl - 250 calories per portion | 2 portions | None | Origin, Corn on the Cob, Cinnamon roasted almonds, Israeli salad, Spicy Black Bean Soup
345,450.0,90.0,120.0,20.0,250.0, Lemon Poppy Seed Pancakes, Vegetarian Spring Rolls, Tomato Bruschetta, Moroccan Mint Tea," Falafel - 250 calories per portion, 4 portions, Gluten, Middle East

"
346,150.0,120.0,180.0,100.0,300.0, Vegan Pancakes, Fruit Salsa with Cinnamon Chips, Kale smoothie with pineapple and coconut water, Israeli salad, Vegan Chili
347,550.0,120.0,160.0,100.0,300.0, Vegan Smoothie Bowl, Bell pepper and cream cheese roll-ups, Spinach and Feta Triangles, Israeli salad," Lentil Walnut Tacos - 300 calories per portion, 4 portions, Nuts, Mexico
"
348,320.0,100.0,150.0,20.0,350.0," Baked eggs with asparagus and Parmesan (320 calories per portion, 2 portions, contains dairy, Italian origin)
", Fresh Fruit Salad, Greek Yogurt Parfait, Moroccan Mint Tea, Vegan Bibimbap
349,200.0,100.0,80.0,20.0,350.0, Vegan Matcha Chia Pudding - 200 calories per portion | 1 portion | None | Origin, Berry Chia Detox Water, Vegetable Soup, Moroccan Mint Tea," Chickpea Salad - 350 calories/portion, 4 portions, Origin"
350,250.0,100.0,80.0,100.0,350.0, Vegan Chocolate Banana Chia Pudding - 250 calories per portion | 2 portions | None | Origin, Cucumber and Tomato Salad, Chocolate-dipped strawberries, Israeli salad, Grilled Salmon with Mango Salsa
351,250.0,100.0,160.0,100.0,350.0, Ragi (Finger Millet) Pancakes, Caprese Skewers," Vegan Bruschetta Pasta Salad - 160 kcals per portion, 4 portions, no allergic warnings, origin", Israeli salad," Veggie enchiladas - 350 calories per portion, 4 portions, contains gluten (Mexico)
"
352,300.0,80.0,180.0,20.0,300.0," Shakriya (Lebanese rice pudding) - 300 calories per portion, 2 portions, contains dairy, origin", Energy Balls, Apple Slices with Cinnamon Yogurt Dip, Moroccan Mint Tea," Zucchini Noodles with Pesto - 300 calories per portion, 4 portions, contains nuts (pine nuts), Origin"
353,400.0,100.0,90.0,100.0,300.0," Veggie breakfast quesadilla (400 calories per portion, 2 portions, nut-free, Mexican origin)
", Energy Balls, Baked Parmesan Zucchini Bites, Israeli salad," Vegan Italian Wedding Soup - 300 calories per portion, 4 portions, Gluten, Italy
"
354,250.0,100.0,160.0,100.0,300.0, Vegan Breakfast Quesadilla, Roasted Chickpeas," Vegan Samosas - 160 kcals per portion, 4 portions, no allergic warnings, origin", Israeli salad," Ratatouille - 300 calories/portion, 4 portions, Origin"
355,350.0,100.0,280.0,20.0,300.0," Cheesy scrambled eggs - 350 calories per portion, 1 portion, contains dairy, origin", Cucumber Sandwich, Cheese and Tomato Nachos, Moroccan Mint Tea," Quinoa Salad with Roasted Vegetables - 300 calories per portion, 4 portions, no allergic warnings, Origin"
356,400.0,100.0,150.0,20.0,250.0, Vegan Breakfast Burrito - 400 calories per portion | 1 portion | None | Origin, Guacamole Stuffed Cherry Tomatoes, Pita Bread with Baba Ganoush, Moroccan Mint Tea," Vegan Tofu Scramble - 250 calories per portion, 4 portions, None, Various
"
357,350.0,100.0,120.0,100.0,300.0," Moroccan msemen (thin layered pastry) with honey - 350 calories per portion, 2 portions, contains gluten, origin", Baked Apple Chips, Greek tomato and feta dip with pita chips, Israeli salad," Ratatouille Pasta - 300 calories/portion, 4 portions, Origin"
358,300.0,100.0,150.0,100.0,300.0, Hash Brown Casserole," Dates Stuffed with Almond Butter - 100kcals per portion, 2 portions
    Origin", Mango Salsa with Tortilla Chips, Israeli salad," Vegetable Fajitas - 300 calories/portion, 4 portions, contains gluten (Mexico)
"
359,500.0,60.0,150.0,20.0,350.0," Malaysian nasi lemak (coconut rice with condiments) - 500 calories per portion, 2 portions, contains gluten, origin", Fruit Salad - Approx, Greek Yogurt with Fresh Berries, Moroccan Mint Tea," Vegan Sweet and Sour Tofu - 350 calories per portion, 4 portions, None, China
"
360,250.0,100.0,360.0,20.0,300.0," Overnight oats with berries and almond milk (250 calories per portion, 2 portions, nut-free, American origin)
", Chilled Gazpacho Soup - Approx, Vegan Turkish Delight, Moroccan Mint Tea," Broccoli and Cheddar Stuffed Potatoes - 300 calories/portion, 4 portions, Origin"
361,550.0,120.0,200.0,100.0,300.0, Vegan Breakfast Chili, Bell pepper and cream cheese roll-ups," Vegan Broccoli Pesto Pasta - 200 kcals per portion, 4 portions, no allergic warnings, origin", Israeli salad, Greek Orzo Salad
362,200.0,80.0,200.0,20.0,350.0, Mexican Black Bean Breakfast Wrap, Avocado Deviled Eggs, Stuffed tomatoes with couscous and vegetables, Moroccan Mint Tea," Stuffed bell peppers with quinoa and black beans - 350 kcals per portion, 4 portions, vegetarian, gluten-free
"
363,500.0,100.0,200.0,20.0,350.0," Vietnamese pho noodle soup with beef (500kcals per portion, 2 portions, origin", Fruit salad, Chicken and Vegetable Spring Rolls, Moroccan Mint Tea," Chinese Vegan Kung Pao Tofu (350 calories/portion, 2 portions) - China
"
364,380.0,120.0,200.0,100.0,350.0," Ricotta and cherry-stuffed French toast (380 calories per portion, 2 portions, contains dairy, American origin)
", Roasted Chickpeas," Vegan Broccoli Pesto Pasta - 200 kcals per portion, 4 portions, no allergic warnings, origin", Israeli salad, Soba Noodle Stir-Fry
365,350.0,80.0,250.0,20.0,240.0, Acai Bowl, Stuffed Dates, Mini Buffalo Chicken Wraps, Moroccan Mint Tea, Vegan Lentil Soup
